timestamp,open,high,low,close,volume,quoteVolume
2025-08-22 10:00:00+00:00,113012.1,113027.3,112472.7,112486.7,2065.4848,232605714.79212
2025-08-22 11:00:00+00:00,112486.7,112587.3,112127,112276.2,2521.864,283159451.39938
2025-08-22 12:00:00+00:00,112276.2,112693.1,111631,112282.2,8713.5606,976643673.7142
2025-08-22 13:00:00+00:00,112282.2,112617.7,111885,112435.3,4569.3332,513405874.51056
2025-08-22 14:00:00+00:00,112435.3,116044.1,112423.8,115744.5,41186.5862,4721543567.28174
2025-08-22 15:00:00+00:00,115744.5,117247.6,115744.5,116306.3,11352.9304,1324500141.57268
2025-08-22 16:00:00+00:00,116306.3,116734.7,116074.4,116111.2,5339.1052,621408546.29832
2025-08-22 17:00:00+00:00,116111.2,116970.1,116111.2,116962.3,4976.0956,580610484.72048
2025-08-22 18:00:00+00:00,116962.3,117381.4,116686.3,116750.1,3507.6704,410599160.92244
2025-08-22 19:00:00+00:00,116750.1,116865,116463.4,116612.6,1041.9418,121557062.13036
2025-08-22 20:00:00+00:00,116612.6,117064.8,116530.3,117009.1,1617.471,189085188.85914
2025-08-22 21:00:00+00:00,117009.1,117134,116780,116981.8,1246.6426,145781092.02202
2025-08-22 22:00:00+00:00,116981.8,117006.5,116512.1,116714.2,1015.0022,118465471.98032
2025-08-22 23:00:00+00:00,116714.2,116900.9,116631,116900,687.453,80271566.17724
2025-08-23 00:00:00+00:00,116900,116984,116686.9,116823.7,899.7126,105138402.91976
2025-08-23 01:00:00+00:00,116823.7,116828.6,116238.2,116400.8,1802.9566,210005597.18606
2025-08-23 02:00:00+00:00,116400.8,116498.8,115450.1,115891.1,4502.1518,521782638.07062
2025-08-23 03:00:00+00:00,115891.1,116009.1,115427.7,115541.1,2012.515,232803147.30318
2025-08-23 04:00:00+00:00,115541.1,115937.5,115526.1,115896.6,1530.3846,177152867.788
2025-08-23 05:00:00+00:00,115896.6,116014,115767.7,115933.9,1192.9966,138312364.54164
2025-08-23 06:00:00+00:00,115933.9,115994.9,115655,115750,1436.1206,166330239.41788
2025-08-23 07:00:00+00:00,115750,115891.9,115630,115769.3,1374.572,159122419.80148
2025-08-23 08:00:00+00:00,115769.3,115836.2,115574.6,115724.1,1117.3342,129327362.0049
2025-08-23 09:00:00+00:00,115724.1,115760.7,115587.6,115742.6,750.0252,86744376.506
2025-08-23 10:00:00+00:00,115742.6,115751.5,115560.7,115560.7,605.5254,70022444.15696
2025-08-23 11:00:00+00:00,115560.7,115597.1,115186.1,115266.6,2074.582,239424002.40888
2025-08-23 12:00:00+00:00,115266.6,115450,115138.2,115184.4,1730.897,199512578.99406
2025-08-23 13:00:00+00:00,115184.4,115187.5,114713.6,114829,4567.053,524789506.59014
2025-08-23 14:00:00+00:00,114829,115054.5,114576.1,114583.9,3522.617,404424627.83344
2025-08-23 15:00:00+00:00,114583.9,114917,114515.4,114777.3,2077.7172,238374840.22168
2025-08-23 16:00:00+00:00,114777.3,115060.1,114656.8,114973.7,1309.1332,150351960.78686
2025-08-23 17:00:00+00:00,114973.7,115135.7,114910,115051.2,1244.238,143134086.98464
2025-08-23 18:00:00+00:00,115051.2,115150,115003.8,115102.2,709.0168,81591092.6313
2025-08-23 19:00:00+00:00,115102.2,115123.2,115007.2,115097.8,421.7472,48533332.19412
2025-08-23 20:00:00+00:00,115097.8,115285.6,115068.6,115282.5,595.8408,68626792.27042
2025-08-23 21:00:00+00:00,115282.5,115282.6,114963.5,114986.9,1030.911,118666980.7265
2025-08-23 22:00:00+00:00,114986.9,115265.2,114986.9,115265.2,449.9206,51822578.55176
2025-08-23 23:00:00+00:00,115265.2,115385.5,115204,115377.4,497.3578,57338522.83016
2025-08-24 00:00:00+00:00,115377.4,115513.5,115270,115331.6,1052.4434,121405629.16346
2025-08-24 01:00:00+00:00,115331.6,115527.9,115136,115421.5,1481.2368,170863240.73432
2025-08-24 02:00:00+00:00,115421.5,115620,114956.4,114979,1544.732,178148542.12226
2025-08-24 03:00:00+00:00,114979,115128.1,114904.7,115008,1089.2658,125285604.08586
2025-08-24 04:00:00+00:00,115008,115251.8,115008,115136,525.357,60495162.65388
2025-08-24 05:00:00+00:00,115136,115185.3,114907,114970,1058.227,121660684.77888
2025-08-24 06:00:00+00:00,114970,115039.2,114821.3,114840.1,728.173,83676775.37606
2025-08-24 07:00:00+00:00,114840.1,115098.1,114835.3,114855,996.0886,114558647.57312
2025-08-24 08:00:00+00:00,114855,114950,114730.6,114816.7,854.5784,98113451.48832
2025-08-24 09:00:00+00:00,114816.7,115038.9,114647.9,114833.6,1304.0112,149737351.34088
2025-08-24 10:00:00+00:00,114833.6,114935.6,114583,114759.6,1812.5232,207980570.10058
2025-08-24 11:00:00+00:00,114759.6,114871.4,114602,114710.1,936.3108,107389718.8183
2025-08-24 12:00:00+00:00,114710.1,114814.5,114574.5,114662.8,844.9938,96900493.21622
2025-08-24 13:00:00+00:00,114662.8,114853,114538.5,114538.6,2274.7526,260812792.09896
2025-08-24 14:00:00+00:00,114538.6,114638.6,114325.4,114502.6,2321.6814,265761695.67978
2025-08-24 15:00:00+00:00,114502.6,114840.9,114380.6,114380.7,2686.4854,307972030.09588
2025-08-24 16:00:00+00:00,114380.7,114531.8,114221.1,114259.1,1923.867,220023537.91964
2025-08-24 17:00:00+00:00,114259.1,114571.1,114218,114417.3,2395.91,274083623.89044
2025-08-24 18:00:00+00:00,114417.3,114904,114303.7,114615.9,2913.5324,334043479.97894
2025-08-24 19:00:00+00:00,114615.9,114774.2,110550,112563.1,62317.8916,6994512981.10486
2025-08-24 20:00:00+00:00,112563.1,112956.5,111608.9,112729.6,9401.468,1055943257.0348
2025-08-24 21:00:00+00:00,112729.6,113366.7,112330.2,112941.4,3102.819,350235230.41906
2025-08-24 22:00:00+00:00,112941.4,113449.3,112561.3,113399.8,2816.8326,318331947.21132
2025-08-24 23:00:00+00:00,113399.8,113647.9,113310.8,113442.5,1442.3586,163675146.31988
2025-08-25 00:00:00+00:00,113442.5,113470,112114,112609,4390.9482,495002949.9656
2025-08-25 01:00:00+00:00,112609,113099,112569.1,113030.7,1817.3164,205100531.68374
2025-08-25 02:00:00+00:00,113030.7,113584.8,113027.4,113358,2100.5824,238063277.61566
2025-08-25 03:00:00+00:00,113358,113613.9,112855.5,112864.1,2520.8778,285516833.82934
2025-08-25 04:00:00+00:00,112864.1,113024,112571.5,112734.9,1767.8236,199386876.60144
2025-08-25 05:00:00+00:00,112734.9,112835,112304.8,112304.9,1619.0168,182194834.5217
2025-08-25 06:00:00+00:00,112304.9,112439.1,111740,111911.6,4719.389,528968646.09266
2025-08-25 07:00:00+00:00,111911.6,112133.2,111254,111474.2,5846.7364,652776727.0122
2025-08-25 08:00:00+00:00,111474.2,111789.2,110906.9,111365.2,5283.3694,588505072.54184
2025-08-25 09:00:00+00:00,111365.2,111800,111206.2,111758.1,2423.126,270093913.5235
2025-08-25 10:00:00+00:00,111758.1,111760.8,110900,110958.6,4009.3696,445741081.82924
2025-08-25 11:00:00+00:00,110958.6,111250.1,110892,111192.2,2016.176,223939655.0455
2025-08-25 12:00:00+00:00,111192.2,111655.3,111041.5,111555.9,2172.57,241978817.21072
2025-08-25 13:00:00+00:00,111555.9,111720,110533.7,111458.6,6486.047,720563422.59312
2025-08-25 14:00:00+00:00,111458.6,112260.9,111284,112196.4,6059.974,678289701.942
2025-08-25 15:00:00+00:00,112196.4,112519.6,111773,112131.2,3678.5562,412737504.15058
2025-08-25 16:00:00+00:00,112131.2,112890,111948.8,112440.6,3591.5778,404208736.95328
2025-08-25 17:00:00+00:00,112440.6,112750.8,112110,112385.2,1535.6696,172642881.5602
2025-08-25 18:00:00+00:00,112385.2,112573.4,112194.6,112350.2,959.2378,107820881.99666
2025-08-25 19:00:00+00:00,112350.2,112382.1,110621.9,110659.8,5800.3878,646379630.51174
2025-08-25 20:00:00+00:00,110659.8,111049.6,109350,109507.1,22165.8222,2438390252.88916
2025-08-25 21:00:00+00:00,109507.1,110230,109221,109838.9,6675.0576,732168375.17552
2025-08-25 22:00:00+00:00,109838.9,110550,109838.8,110086.9,2340.4026,258014528.92164
2025-08-25 23:00:00+00:00,110086.9,110225,109730,110072.3,2153.101,236730205.67784
2025-08-26 00:00:00+00:00,110072.3,110072.4,108874,109048.1,8745.992,956600762.82486
2025-08-26 01:00:00+00:00,109048.1,109861.7,108615.7,109843.4,6694.8684,732289076.08726
2025-08-26 02:00:00+00:00,109843.4,109963.2,109451.8,109658.8,5163.3148,566508162.96422
2025-08-26 03:00:00+00:00,109658.8,109876.2,109379.4,109816.3,1854.4394,203377339.33616
2025-08-26 04:00:00+00:00,109816.3,110188,109816.3,110043.2,3938.545,433406290.9361
2025-08-26 05:00:00+00:00,110043.2,110330.1,110034.9,110144.6,1525.2686,168083801.13426
2025-08-26 06:00:00+00:00,110144.6,110295.1,109843.6,109943.2,1669.242,183647521.5644
2025-08-26 07:00:00+00:00,109943.2,110500.1,109705.7,110246.3,2930.5898,322813555.69814
2025-08-26 08:00:00+00:00,110246.3,110410.4,109948,110043.5,1512.819,166633665.06516
2025-08-26 09:00:00+00:00,110043.5,110358.6,109980,110105.4,1325.7868,146046848.7335
2025-08-26 10:00:00+00:00,110105.4,110370.9,110013,110173,1566.66,172719540.1999
2025-08-26 11:00:00+00:00,110173,110185.1,109532.8,109838.7,4848.9358,532875211.1908
2025-08-26 12:00:00+00:00,109838.7,110776,109571.4,110163.3,5960.9366,656933953.12958
2025-08-26 13:00:00+00:00,110163.3,110227.3,109353.5,110052.1,5478.0906,601698456.7997
2025-08-26 14:00:00+00:00,110052.1,110508,109755,110317.9,4477.1966,493365687.2889
2025-08-26 15:00:00+00:00,110317.9,110525,109510.2,109636.2,3612.14,397202358.8436
2025-08-26 16:00:00+00:00,109636.2,110133.4,109413.7,110133.3,2361.5928,259008828.0545
2025-08-26 17:00:00+00:00,110133.3,110175.5,109545.8,109937.2,1721.7926,189069423.255
2025-08-26 18:00:00+00:00,109937.2,110939.2,109924.1,110648.9,3122.3336,345209389.20894
2025-08-26 19:00:00+00:00,110648.9,111100,110450,111055.1,2396.1804,265726706.53618
2025-08-26 20:00:00+00:00,111055.1,111320,110855.5,111264,1735.735,192934319.49578
2025-08-26 21:00:00+00:00,111264,111525.7,111045,111519.3,1601.301,178209892.2408
2025-08-26 22:00:00+00:00,111519.3,111871.4,111492.9,111844.4,4505.569,503181964.41958
2025-08-26 23:00:00+00:00,111844.4,112309.9,111667.4,111700,3714.4714,416239424.13962
2025-08-27 00:00:00+00:00,111700,111765.4,111279.2,111302.1,1934.3474,215747652.83232
2025-08-27 01:00:00+00:00,111302.1,111419.7,111050.1,111243.8,1558.763,173352930.11188
2025-08-27 02:00:00+00:00,111243.8,111425.9,111047.6,111086.3,1481.0718,164758582.90144
2025-08-27 03:00:00+00:00,111086.3,111680.1,110862.6,111369.2,2046.317,227649200.8302
2025-08-27 04:00:00+00:00,111369.2,111669.2,111351.8,111516.6,1305.9634,145653644.55292
2025-08-27 05:00:00+00:00,111516.6,111631.3,111271.4,111309.8,933.1694,103960058.80488
2025-08-27 06:00:00+00:00,111309.8,111319,110970,110987.3,1480.0216,164509068.05588
2025-08-27 07:00:00+00:00,110987.3,111084,110600,110692.9,2712.8028,300554600.6115
2025-08-27 08:00:00+00:00,110692.9,110802,110327.9,110720.6,2875.2586,317921233.04958
2025-08-27 09:00:00+00:00,110720.6,111084.5,110680.7,110760.5,2749.4894,304821553.4123
2025-08-27 10:00:00+00:00,110760.5,111221.3,110760.5,110920.4,1573.9188,174729478.42548
2025-08-27 11:00:00+00:00,110920.4,111332.7,110920.4,111275.2,1405.1442,156232091.93754
2025-08-27 12:00:00+00:00,111275.2,111354.6,110963.6,111281.9,2220.5264,246813645.92238
2025-08-27 13:00:00+00:00,111281.9,111838.3,110956.1,111431.9,5348.9522,596164767.63222
2025-08-27 14:00:00+00:00,111431.9,112573.4,111214.4,111753.6,9369.7482,1049676820.02572
2025-08-27 15:00:00+00:00,111753.6,112036.4,111445.9,111960.8,3933.3762,439533451.56146
2025-08-27 16:00:00+00:00,111960.8,112198,111489.3,112063.9,3639.4862,407128044.77998
2025-08-27 17:00:00+00:00,112063.9,112391,111834.9,112281,1719.6452,192946329.02654
2025-08-27 18:00:00+00:00,112281,112550,111857.9,111884,1556.5494,174674180.4686
2025-08-27 19:00:00+00:00,111884,112169.1,111520.4,112026.6,2699.4332,301939077.39608
2025-08-27 20:00:00+00:00,112026.6,112360,110895.4,112360,10357.9384,1156247367.4863
2025-08-27 21:00:00+00:00,112360,112400.9,111318.9,111480.1,1863.2664,208295708.85484
2025-08-27 22:00:00+00:00,111480.1,111561.8,111005.6,111365.2,2205.6074,245362043.55076
2025-08-27 23:00:00+00:00,111365.2,111491.5,111057.4,111211.2,804.6728,89489784.07788
2025-08-28 00:00:00+00:00,111211.2,111493.5,110814.7,111293.2,2519.9236,280093970.18976
2025-08-28 01:00:00+00:00,111293.2,111666.7,111293.1,111600.2,934.9656,104244236.50222
2025-08-28 02:00:00+00:00,111600.2,111712.2,111395.3,111442.3,591.5032,65985636.78388
2025-08-28 03:00:00+00:00,111442.3,111995.3,111357.7,111953.1,1527.3024,170788370.06716
2025-08-28 04:00:00+00:00,111953.1,113031.3,111909.9,112923.9,4705.876,530039330.5167
2025-08-28 05:00:00+00:00,112923.9,113119.5,112650.9,112805.4,2980.4024,336384100.18208
2025-08-28 06:00:00+00:00,112805.4,113242.4,112659.6,113158.2,1936.5646,218777443.81168
2025-08-28 07:00:00+00:00,113158.2,113310.4,112958.7,113072.6,3073.969,347808089.3847
2025-08-28 08:00:00+00:00,113072.6,113300,112959.2,113070.9,2880.9842,325906648.22216
2025-08-28 09:00:00+00:00,113070.9,113090.5,112798.7,112806.1,969.6668,109498504.99836
2025-08-28 10:00:00+00:00,112806.1,113077.9,112771.2,113077.9,1752.9898,197966319.11856
2025-08-28 11:00:00+00:00,113077.9,113110,112803.1,112874.6,1039.6672,117419964.1415
2025-08-28 12:00:00+00:00,112874.6,113293.6,112728.9,113195,2862.2666,323674232.91448
2025-08-28 13:00:00+00:00,113195,113431.7,112523.4,112781.4,4903.3402,553838507.53562
2025-08-28 14:00:00+00:00,112781.4,113261.2,112480,113109.2,3618.9224,408607924.58642
2025-08-28 15:00:00+00:00,113109.2,113216,112351.7,112643.4,3177.9536,358011128.88688
2025-08-28 16:00:00+00:00,112643.4,113149.7,112284.6,112284.7,2433.9974,274509722.62862
2025-08-28 17:00:00+00:00,112284.7,112583.2,112166.3,112342.8,2185.8894,245589377.4669
2025-08-28 18:00:00+00:00,112342.8,112672.5,112185.8,112331.7,1020.2776,114699283.48266
2025-08-28 19:00:00+00:00,112331.7,112532.8,111858.9,111863,1780.6264,199603010.17566
2025-08-28 20:00:00+00:00,111863,112081.8,111828.4,111865.3,1168.0432,130744467.1714
2025-08-28 21:00:00+00:00,111865.3,112099,111865.2,111981.2,868.9102,97271908.7126
2025-08-28 22:00:00+00:00,111981.2,112463.9,111981.1,112299.1,1333.7598,149762161.85576
2025-08-28 23:00:00+00:00,112299.1,112528.1,112251.6,112523.9,1176.2608,132220019.36394
2025-08-29 00:00:00+00:00,112523.9,112593.7,112085.7,112165.3,1281.6874,143960106.42458
2025-08-29 01:00:00+00:00,112165.3,112234.8,111353.4,111431.2,3693.0512,412242195.46936
2025-08-29 02:00:00+00:00,111431.2,111726.3,111312.9,111370.4,1640.7022,182957192.18818
2025-08-29 03:00:00+00:00,111370.4,111777,111243.9,111652.8,1514.9236,169047707.47164
2025-08-29 04:00:00+00:00,111652.8,111805.1,111375.1,111457.3,2235.795,249636486.819
2025-08-29 05:00:00+00:00,111457.3,111534.1,111090.1,111269.6,2048.8062,227883329.82368
2025-08-29 06:00:00+00:00,111269.6,111365.9,110934,111235.7,3474.5362,385996419.18656
2025-08-29 07:00:00+00:00,111235.7,111235.7,109853.3,109976.7,8186.6032,903361429.65382
2025-08-29 08:00:00+00:00,109976.7,110235,109569.9,109581.9,4032.331,443156847.6645
2025-08-29 09:00:00+00:00,109581.9,109890,109365.4,109727.4,3188.2454,349466709.34738
2025-08-29 10:00:00+00:00,109727.4,109985,109712,109956.8,1756.3704,192989616.3195
2025-08-29 11:00:00+00:00,109956.8,110117.6,109783.7,110046,1580.1712,173792466.17246
2025-08-29 12:00:00+00:00,110046,111454.1,110022,110671.1,12613.8928,1398686510.7006
2025-08-29 13:00:00+00:00,110671.1,110736.4,108850,109063.7,9429.4502,1033147028.81548
2025-08-29 14:00:00+00:00,109063.7,109484.9,108043.7,108158.9,14709.488,1598050570.35054
2025-08-29 15:00:00+00:00,108158.9,108675.6,108134.9,108335.9,4038.7046,437773820.85624
2025-08-29 16:00:00+00:00,108335.9,108777,108090.1,108649.8,2646.6746,287224128.32656
2025-08-29 17:00:00+00:00,108649.8,108677.1,108102,108420.1,1525.1942,165257450.11942
2025-08-29 18:00:00+00:00,108420.1,108462.6,108045,108096,1561.155,168919002.0348
2025-08-29 19:00:00+00:00,108096,108695,107873.1,108168,3124.862,338202033.90832
2025-08-29 20:00:00+00:00,108168,108220.4,107480,107736.5,5421.3112,584054817.56044
2025-08-29 21:00:00+00:00,107736.5,108422.2,107425.4,108401.9,2697.5448,291141051.78144
2025-08-29 22:00:00+00:00,108401.9,108435.3,108160,108342.1,814.8064,88223669.81186
2025-08-29 23:00:00+00:00,108342.1,108512.6,108284.5,108336.3,848.1466,91954665.78956
2025-08-30 00:00:00+00:00,108336.3,108373.3,108102,108262.9,1223.4586,132383627.43914
2025-08-30 01:00:00+00:00,108262.9,108318.6,107301.1,107406,2833.6658,305249612.45688
2025-08-30 02:00:00+00:00,107406,107910,107339.8,107750.7,1991.8866,214510214.12912
2025-08-30 03:00:00+00:00,107750.7,108374,107736,108374,2047.0174,221422598.89384
2025-08-30 04:00:00+00:00,108374,108623.8,108316.4,108373.7,5216.8168,565934519.72598
2025-08-30 05:00:00+00:00,108373.7,108422.4,108084.1,108303.7,1852.3124,200639892.92108
2025-08-30 06:00:00+00:00,108303.7,108515.2,108172,108283.8,1529.1176,165579281.87866
2025-08-30 07:00:00+00:00,108283.8,108460.9,108070.4,108457.4,3034.9528,328510672.53294
2025-08-30 08:00:00+00:00,108457.4,108728.2,108433.5,108523,1484.01,161129704.0007
2025-08-30 09:00:00+00:00,108523,108563.5,108420,108472.5,414.4944,44969283.66396
2025-08-30 10:00:00+00:00,108472.5,108656.1,108356.3,108380.8,1320.5212,143272079.32182
2025-08-30 11:00:00+00:00,108380.8,108677,108374.7,108636.6,1677.5766,182172413.71954
2025-08-30 12:00:00+00:00,108636.6,108636.6,108287.5,108571.4,2401.5832,260532973.45216
2025-08-30 13:00:00+00:00,108571.4,108571.4,108158,108484.4,1601.8268,173567294.67284
2025-08-30 14:00:00+00:00,108484.4,108676.9,108352,108601,896.151,97273781.03896
2025-08-30 15:00:00+00:00,108601,108873,108490.8,108822,1836.5638,199720969.6527
2025-08-30 16:00:00+00:00,108822,108822,108613,108764,740.3366,80493764.97204
2025-08-30 17:00:00+00:00,108764,108848.1,108564.7,108720.9,695.0494,75574452.98842
2025-08-30 18:00:00+00:00,108720.9,108783.1,108580,108680.7,444.2988,48287091.13656
2025-08-30 19:00:00+00:00,108680.7,108848,108593.5,108776.3,402.447,43768848.0716
2025-08-30 20:00:00+00:00,108776.3,108777,108530,108588.9,351.5586,38187177.66264
2025-08-30 21:00:00+00:00,108588.9,108627.5,108436.1,108533.7,544.5074,59096646.9172
2025-08-30 22:00:00+00:00,108533.7,108537.3,108420,108475.1,683.6526,74165660.883
2025-08-30 23:00:00+00:00,108475.1,108755.2,108475,108755.1,841.635,91456171.97884
2025-08-31 00:00:00+00:00,108755.1,109351.9,108753.1,109334.9,2892.7004,315602930.41936
2025-08-31 01:00:00+00:00,109334.9,109428.4,109079,109375.4,1858.8116,203087048.41952
2025-08-31 02:00:00+00:00,109375.4,109386.4,109115.8,109174.1,793.7568,86725817.79808
2025-08-31 03:00:00+00:00,109174.1,109326.8,109102.1,109159.9,626.0556,68377292.49996
2025-08-31 04:00:00+00:00,109159.9,109177.7,108615,108760.3,2008.3872,218518940.08436
2025-08-31 05:00:00+00:00,108760.3,108760.4,108512.1,108708.9,1305.743,141841618.98652
2025-08-31 06:00:00+00:00,108708.9,108722.7,108473,108665.5,1245.415,135283905.22494
2025-08-31 07:00:00+00:00,108665.5,108781.9,108620.5,108656.8,644.8048,70094871.5524
2025-08-31 08:00:00+00:00,108656.8,108976.6,108656.8,108960.6,1884.5824,205168603.1222
2025-08-31 09:00:00+00:00,108960.6,109058.6,108392.2,108460.6,2825.7362,307038032.07364
2025-08-31 10:00:00+00:00,108460.6,108588.4,108259,108525.9,2641.8232,286383957.04722
2025-08-31 11:00:00+00:00,108525.9,108559,108272.8,108344,1134.6126,122980169.51346
2025-08-31 12:00:00+00:00,108344,108453,108270.6,108281.2,1168.494,126596571.1044
2025-08-31 13:00:00+00:00,108281.2,108415.2,108151.6,108383,2151.1938,232874284.80748
2025-08-31 14:00:00+00:00,108383,108479,108214.8,108418.3,1311.2046,142081492.38094
2025-08-31 15:00:00+00:00,108418.3,108807.9,108414.9,108755.8,1725.1894,187419274.28748
2025-08-31 16:00:00+00:00,108755.8,108933.6,108496,108870.8,2351.1308,255742198.75022
2025-08-31 17:00:00+00:00,108870.8,108940,108791.5,108936.2,1028.7552,112007543.57104
2025-08-31 18:00:00+00:00,108936.2,109181.6,108873.9,109083.9,1018.011,111001057.61464
2025-08-31 19:00:00+00:00,109083.9,109106.1,108846.3,108868.8,965.188,105152613.46744
2025-08-31 20:00:00+00:00,108868.8,109067.7,108810.9,109067.7,1014.2422,110529028.90444
2025-08-31 21:00:00+00:00,109067.7,109067.7,108891.4,108984.9,714.9348,77911124.39524
2025-08-31 22:00:00+00:00,108984.9,109190.7,108696.4,108840.8,1285.727,140032024.68374
2025-08-31 23:00:00+00:00,108840.8,108862.2,108020.2,108208.3,3441.415,372818040.44632
2025-09-01 00:00:00+00:00,108208.3,108377.2,107582,108177.7,5980.0598,645523655.6928
2025-09-01 01:00:00+00:00,108177.7,108440,107915.4,108103.8,2221.2776,240179453.15066
2025-09-01 02:00:00+00:00,108103.8,108156.5,107380,107586.3,3278.5632,352845464.59416
2025-09-01 03:00:00+00:00,107586.3,107734.7,107352,107627.8,2024.922,217714228.35758
2025-09-01 04:00:00+00:00,107627.8,107732,107237,107376.1,2563.3558,275374235.39762
2025-09-01 05:00:00+00:00,107376.1,107952.7,107212,107822.3,3196.3712,343910574.67712
2025-09-01 06:00:00+00:00,107822.3,108082.5,107550.6,108024.9,1949.239,210347389.70338
2025-09-01 07:00:00+00:00,108024.9,109375,107932.7,109375,7364.7956,800484422.71316
2025-09-01 08:00:00+00:00,109375,109773.2,109368.3,109545,6436.6692,705066869.54258
2025-09-01 09:00:00+00:00,109545,109868.2,109439,109472.1,4121.2256,451993591.04528
2025-09-01 10:00:00+00:00,109472.1,109472.2,108136.2,108534,7857.7522,854610955.84978
2025-09-01 11:00:00+00:00,108534,108819.9,108418.9,108738.4,2591.132,281422731.73746
2025-09-01 12:00:00+00:00,108738.4,109110.8,108590.1,109054.5,2732.828,297639528.50188
2025-09-01 13:00:00+00:00,109054.5,109477.5,108888.2,108964.2,4547.8108,496392690.21068
2025-09-01 14:00:00+00:00,108964.2,109272.1,108760.8,109104.2,2601.8242,283623532.0188
2025-09-01 15:00:00+00:00,109104.2,109336,108513,108736.9,2926.2802,318450492.90544
2025-09-01 16:00:00+00:00,108736.9,109055.4,108594.3,108733.9,1551.1672,168848215.9651
2025-09-01 17:00:00+00:00,108733.9,108911.7,108339.1,108879.4,2222.7054,241421515.85336
2025-09-01 18:00:00+00:00,108879.4,109230.3,108875.9,109187.2,1455.9664,158806783.51462
2025-09-01 19:00:00+00:00,109187.2,109282.5,109116.7,109168.8,915.172,99942669.21894
2025-09-01 20:00:00+00:00,109168.8,109173.3,108223.7,108832.2,6519.2722,708001522.28528
2025-09-01 21:00:00+00:00,108832.2,108894.7,107410,107754.2,4463.3262,481598972.19492
2025-09-01 22:00:00+00:00,107754.2,108453.4,107541.4,108391.9,2247.8306,242722376.75386
2025-09-01 23:00:00+00:00,108391.9,109399,108372.5,109186.3,2855.9928,311105179.76372
2025-09-02 00:00:00+00:00,109186.3,109296,108837.4,108989.6,2125.6956,231803421.8535
2025-09-02 01:00:00+00:00,108989.6,109565,108940.5,109258,2639.4544,288495401.03684
2025-09-02 02:00:00+00:00,109258,110221.5,109118,110199.9,4217.7572,462629558.10378
2025-09-02 03:00:00+00:00,110199.9,110570.4,110007.3,110280.2,5146.8384,567540134.64592
2025-09-02 04:00:00+00:00,110280.2,110371,110098.9,110270.5,2148.9214,236850964.14114
2025-09-02 05:00:00+00:00,110270.5,110284.9,109991.6,110160,1209.1228,133148200.04546
2025-09-02 06:00:00+00:00,110160,110577.8,110117.8,110311.7,3516.2394,388147057.25132
2025-09-02 07:00:00+00:00,110311.7,110341.8,109935.6,110180,1872.4482,206239672.04702
2025-09-02 08:00:00+00:00,110180,110664,109988.6,110303.4,4730.469,521962991.95452
2025-09-02 09:00:00+00:00,110303.4,110638.7,110204.8,110399.9,2007.6308,221577117.50928
2025-09-02 10:00:00+00:00,110399.9,110426.2,110073,110202.3,1831.5606,201897061.59122
2025-09-02 11:00:00+00:00,110202.3,110207.3,109537,109705.6,3458.6418,380009306.41736
2025-09-02 12:00:00+00:00,109705.6,109808.4,108334.5,108751.7,13060.647,1423563510.41822
2025-09-02 13:00:00+00:00,108751.7,111233.5,108688,111097.9,16183.5392,1781841018.09136
2025-09-02 14:00:00+00:00,111097.9,111726.4,110732,111297,11465.182,1275700003.2536
2025-09-02 15:00:00+00:00,111297,111479.8,110568.3,110786.9,4727.8352,524695367.66614
2025-09-02 16:00:00+00:00,110786.9,111082.8,110427.1,110750,3728.319,412865344.30722
2025-09-02 17:00:00+00:00,110750,111000,110588.1,110867,1808.5924,200395345.68028
2025-09-02 18:00:00+00:00,110867,110900,110137.3,110587.2,3299.0342,364525089.68248
2025-09-02 19:00:00+00:00,110587.2,110798.8,110388.3,110745.4,1218.7868,134786937.63124
2025-09-02 20:00:00+00:00,110745.4,111366.3,110661,111355.6,3088.1392,343110862.80706
2025-09-02 21:00:00+00:00,111355.6,111479.8,111064,111064,2104.5482,234232792.39316
2025-09-02 22:00:00+00:00,111064,111218.4,110818.7,111218.3,1918.7374,213017306.2449
2025-09-02 23:00:00+00:00,111218.3,111220,110955.5,111188.2,570.5738,63380843.122
2025-09-03 00:00:00+00:00,111188.2,111720,111182.4,111269,2679.3302,298657905.76848
2025-09-03 01:00:00+00:00,111269,111342.5,110836.6,111119.9,1816.1276,201624245.52146
2025-09-03 02:00:00+00:00,111119.9,111443.2,110971.4,111325.4,1358.248,151147449.08494
2025-09-03 03:00:00+00:00,111325.4,111350.2,110844,110993.4,1574.6614,174901278.35732
2025-09-03 04:00:00+00:00,110993.4,111107.5,110800,110970.1,1124.6278,124768167.63322
2025-09-03 05:00:00+00:00,110970.1,111030.5,110608.4,110643.5,1677.4114,185775696.33312
2025-09-03 06:00:00+00:00,110643.5,110840.7,110524.8,110685.2,2612.2552,289172787.71828
2025-09-03 07:00:00+00:00,110685.2,111065.5,110488.9,111050.3,4912.9984,543846626.31704
2025-09-03 08:00:00+00:00,111050.3,111220.3,110912,110959,2023.3494,224713311.22452
2025-09-03 09:00:00+00:00,110959,111273.9,110833.4,111255.1,1729.4854,192109588.32996
2025-09-03 10:00:00+00:00,111255.1,111428,111111,111389.4,2679.174,298262746.6318
2025-09-03 11:00:00+00:00,111389.4,111657.4,111327.3,111381.5,2342.9986,261249560.0853
2025-09-03 12:00:00+00:00,111381.5,111818.2,110970.3,111059.8,3116.926,347107150.00954
2025-09-03 13:00:00+00:00,111059.8,111860.7,111008.2,111415.7,5371.102,598887744.37372
2025-09-03 14:00:00+00:00,111415.7,112450.9,111059.6,112202.3,11297.259,1263798232.62652
2025-09-03 15:00:00+00:00,112202.3,112319.1,111844.6,112164.4,5439.3688,609737966.61444
2025-09-03 16:00:00+00:00,112164.4,112287.8,111621.2,111808.2,3922.8552,438729336.48728
2025-09-03 17:00:00+00:00,111808.2,112527.2,111800.6,112248.5,2987.5396,335442763.42
2025-09-03 18:00:00+00:00,112248.5,112461,111736.4,111955.3,1804.5602,202257088.84734
2025-09-03 19:00:00+00:00,111955.3,112186.5,111715.7,112142.3,819.5928,91721963.33146
2025-09-03 20:00:00+00:00,112142.3,112192.3,111982.8,112147,683.738,76643271.8006
2025-09-03 21:00:00+00:00,112147,112201.4,111707.3,111934.2,750.0956,83963753.03332
2025-09-03 22:00:00+00:00,111934.2,112090,111773.2,111889.9,733.0906,82060065.95562
2025-09-03 23:00:00+00:00,111889.9,111927.1,111551.4,111647.3,1186.7744,132537946.22616
2025-09-04 00:00:00+00:00,111647.3,112124.3,111552.7,112017,2201.314,246261201.4642
2025-09-04 01:00:00+00:00,112017,112020,111578.9,111902.1,1019.6038,113972204.01974
2025-09-04 02:00:00+00:00,111902.1,111932,111347.8,111406.4,1899.2274,211780088.71192
2025-09-04 03:00:00+00:00,111406.4,111675.1,111093.3,111102.3,2135.4744,237740315.38606
2025-09-04 04:00:00+00:00,111102.3,111286.7,110877.6,110880.6,1313.0814,145865841.89462
2025-09-04 05:00:00+00:00,110880.6,110880.7,110540,110618.5,4037.9614,446990032.49744
2025-09-04 06:00:00+00:00,110618.5,110689.5,110250,110361.1,2613.1284,288572785.33776
2025-09-04 07:00:00+00:00,110361.1,110629.5,110312.5,110429.4,2158.7074,238423062.22592
2025-09-04 08:00:00+00:00,110429.4,110806.1,110378.6,110598.5,2742.3412,303365787.91546
2025-09-04 09:00:00+00:00,110598.5,110809,110598.5,110769.4,1488.151,164824015.33192
2025-09-04 10:00:00+00:00,110769.4,111099.3,110570,110570,2601.9074,288392535.75636
2025-09-04 11:00:00+00:00,110570,111000,110480.5,110755.1,2063.2056,228570739.94826
2025-09-04 12:00:00+00:00,110755.1,111080,110473,110882.5,2172.7118,240647363.54746
2025-09-04 13:00:00+00:00,110882.5,110923.6,110160,110425.2,3297.7204,364510100.19576
2025-09-04 14:00:00+00:00,110425.2,110493.7,109666,109803.6,8318.3508,914533031.70396
2025-09-04 15:00:00+00:00,109803.6,109832.4,109302.5,109471,7136.555,781539712.68958
2025-09-04 16:00:00+00:00,109471,109657.1,109330,109390.7,2556.4698,279898682.41828
2025-09-04 17:00:00+00:00,109390.7,109869,109378.7,109725.7,2395.703,262827445.58782
2025-09-04 18:00:00+00:00,109725.7,110143.2,109636.4,109916.1,2930.173,322101377.00746
2025-09-04 19:00:00+00:00,109916.1,110056.6,109651,109744,1297.7964,142567861.46448
2025-09-04 20:00:00+00:00,109744,110362,109695,110342.6,1712.617,188643429.95412
2025-09-04 21:00:00+00:00,110342.6,110493.1,110266.4,110440.6,976.5364,107806277.0924
2025-09-04 22:00:00+00:00,110440.6,111548,110430.6,111437.6,3658.9722,406162299.2995
2025-09-04 23:00:00+00:00,111437.6,111718.1,110552.3,110681.8,3920.9776,436251751.43416
2025-09-05 00:00:00+00:00,110681.8,110894.3,110396.4,110421.2,1953.1084,216123487.11096
2025-09-05 01:00:00+00:00,110421.2,111103,110411.2,111084.1,1507.8838,167089284.27696
2025-09-05 02:00:00+00:00,111084.1,111440.6,111000,111290.5,2840.2254,315934640.4743
2025-09-05 03:00:00+00:00,111290.5,111290.6,111041.2,111262.8,918.2256,102067734.27332
2025-09-05 04:00:00+00:00,111262.8,111413.9,111081.5,111390.1,836.424,93076362.5473
2025-09-05 05:00:00+00:00,111390.1,111674.5,111360,111520.3,2178.3504,242983942.13992
2025-09-05 06:00:00+00:00,111520.3,111851.6,111448,111851.6,1581.649,176525692.86864
2025-09-05 07:00:00+00:00,111851.6,112944.6,111826.9,112898.4,11370.4,1279227697.89878
2025-09-05 08:00:00+00:00,112898.4,112930.4,112555,112583.2,3094.1802,348843357.39606
2025-09-05 09:00:00+00:00,112583.2,112583.3,112100,112268.8,4192.8558,470831702.3328
2025-09-05 10:00:00+00:00,112268.8,112539.7,112150.8,112205.3,3535.2182,397007991.68628
2025-09-05 11:00:00+00:00,112205.3,112395.1,112088.6,112304.1,1330.6682,149323372.2213
2025-09-05 12:00:00+00:00,112304.1,113341.3,112014.4,113147.8,29379.2524,3310327675.86912
2025-09-05 13:00:00+00:00,113147.8,113250,112651,113032.4,8539.041,964692389.23316
2025-09-05 14:00:00+00:00,113032.4,113032.4,110438.9,110528.1,23074.7514,2567591963.48068
2025-09-05 15:00:00+00:00,110528.1,110974,110235.2,110679.8,7078.1536,783430311.70528
2025-09-05 16:00:00+00:00,110679.8,110892.1,110479.2,110767.4,2419.0396,267730872.47248
2025-09-05 17:00:00+00:00,110767.4,110767.4,110176.1,110571.4,2955.9298,326437461.82184
2025-09-05 18:00:00+00:00,110571.4,111256.4,110529.2,111144.6,3324.1858,368872196.96432
2025-09-05 19:00:00+00:00,111144.6,111555,111062.8,111542.9,2636.6412,293490155.13508
2025-09-05 20:00:00+00:00,111542.9,111586,111232,111583.4,1471.5056,163935043.93324
2025-09-05 21:00:00+00:00,111583.4,111643.2,110320,110560.2,7312.1968,809701863.18552
2025-09-05 22:00:00+00:00,110560.2,110884.6,110457.3,110756.8,1027.393,113727301.9697
2025-09-05 23:00:00+00:00,110756.8,110828.9,110555.7,110624.2,627.7222,69477759.38676
2025-09-06 00:00:00+00:00,110624.2,110794.7,110520,110738.7,785.8218,86959908.86132
2025-09-06 01:00:00+00:00,110738.7,110881,110698.3,110826.2,418.9184,46412057.42414
2025-09-06 02:00:00+00:00,110826.2,111169,110684.3,111169,882.9496,97924094.145
2025-09-06 03:00:00+00:00,111169,111258,110952,111024.2,4275.2702,475038488.04624
2025-09-06 04:00:00+00:00,111024.2,111024.2,110734.8,110831.3,1447.8776,160479245.84686
2025-09-06 05:00:00+00:00,110831.3,110831.4,110651,110668.5,867.475,96043492.97656
2025-09-06 06:00:00+00:00,110668.5,110767,110661,110712.2,292.9582,32434131.10328
2025-09-06 07:00:00+00:00,110712.2,110790.5,110712.1,110780,227.357,25182819.29846
2025-09-06 08:00:00+00:00,110780,110923,110727.5,110903.2,545.1186,60409415.615
2025-09-06 09:00:00+00:00,110903.2,110903.2,110645.6,110651.9,654.381,72460024.19996
2025-09-06 10:00:00+00:00,110651.9,110757.1,110625,110730.7,419.9702,46484670.67988
2025-09-06 11:00:00+00:00,110730.7,110830.5,110621.9,110736.4,777.0842,86033667.28636
2025-09-06 12:00:00+00:00,110736.4,110846.7,110700,110783.5,612.7788,67882525.22252
2025-09-06 13:00:00+00:00,110783.5,110890,110772.6,110879.2,557.5438,61792231.66302
2025-09-06 14:00:00+00:00,110879.2,110938,110714.8,110751.9,1078.8622,119563840.53206
2025-09-06 15:00:00+00:00,110751.9,110782.7,110300,110331.5,2318.4578,256194358.8746
2025-09-06 16:00:00+00:00,110331.5,110343.6,109919.5,110214.9,6047.0266,665857694.62388
2025-09-06 17:00:00+00:00,110214.9,110226.2,109946.6,110104.3,1112.1344,122453892.3582
2025-09-06 18:00:00+00:00,110104.3,110241.1,110012.1,110180.8,710.636,78273772.09874
2025-09-06 19:00:00+00:00,110180.8,110208.2,109954.8,109991,413.9844,45563632.9849
2025-09-06 20:00:00+00:00,109991,110120.4,109984.9,110120.3,289.9086,31903566.839
2025-09-06 21:00:00+00:00,110120.3,110164.2,110050,110157.7,552.3748,60826007.268
2025-09-06 22:00:00+00:00,110157.7,110195.5,110027.1,110117.9,519.8918,57242493.53782
2025-09-06 23:00:00+00:00,110117.9,110233.2,110062.5,110140,406.6386,44794358.2442
2025-09-07 00:00:00+00:00,110140,110321.1,110129.5,110312.1,708.5786,78099416.40334
2025-09-07 01:00:00+00:00,110312.1,110537.1,110284.6,110500,1195.6636,132027942.39004
2025-09-07 02:00:00+00:00,110500,110636.7,110392.9,110603.7,1637.419,180868594.58712
2025-09-07 03:00:00+00:00,110603.7,110684.5,110537.1,110569.2,728.8668,80624610.2453
2025-09-07 04:00:00+00:00,110569.2,110578.5,110431,110497,797.3554,88106090.85178
2025-09-07 05:00:00+00:00,110497,110669.1,110496.9,110610.1,5134.1682,567825612.18948
2025-09-07 06:00:00+00:00,110610.1,110618.2,110434,110465.7,634.225,70096289.28856
2025-09-07 07:00:00+00:00,110465.7,110868.9,110420.6,110696.6,3977.0814,440375535.98184
2025-09-07 08:00:00+00:00,110696.6,111321.6,110660.5,111021.6,6925.4512,768952080.42698
2025-09-07 09:00:00+00:00,111021.6,111198.6,110822.2,111065.3,3508.2198,389457216.58282
2025-09-07 10:00:00+00:00,111065.3,111185.1,110985,111169.9,627.849,69745159.96146
2025-09-07 11:00:00+00:00,111169.9,111242.7,111126.9,111233.6,575.382,63977899.05006
2025-09-07 12:00:00+00:00,111233.6,111234,111030,111062.7,657.8944,73091195.87412
2025-09-07 13:00:00+00:00,111062.7,111179.8,110990,111161.2,607.9268,67532883.88116
2025-09-07 14:00:00+00:00,111161.2,111367.7,111005.1,111087.7,1146.1502,127424145.92392
2025-09-07 15:00:00+00:00,111087.7,111327.6,111059.3,111276.7,592.3116,65873490.27214
2025-09-07 16:00:00+00:00,111276.7,111325.6,111105.8,111151,553.754,61574487.22392
2025-09-07 17:00:00+00:00,111151,111193.3,110841.2,110922.3,1555.619,172666830.17874
2025-09-07 18:00:00+00:00,110922.3,111027.3,110815,111010.3,657.5006,72918196.26644
2025-09-07 19:00:00+00:00,111010.3,111262.1,111005,111221.9,830.3576,92280338.11514
2025-09-07 20:00:00+00:00,111221.9,111332.4,111106.1,111291.4,604.3134,67215603.44646
2025-09-07 21:00:00+00:00,111291.4,111293.8,111002.3,111002.3,519.6352,57769336.77756
2025-09-07 22:00:00+00:00,111002.3,111316.7,110964.8,111201,822.0634,91370044.5172
2025-09-07 23:00:00+00:00,111201,111561.1,111011.1,111085.1,2677.0424,297979521.15778
2025-09-08 00:00:00+00:00,111085.1,111245.8,110689,110785.2,3736.3994,414557487.51054
2025-09-08 01:00:00+00:00,110785.2,110956.4,110677.1,110849.5,1952.2118,216331302.05892
2025-09-08 02:00:00+00:00,110849.5,111344.1,110568.6,111200,2326.762,258049075.27078
2025-09-08 03:00:00+00:00,111200,111307.4,110971.8,111002.8,4532.2428,503549825.40958
2025-09-08 04:00:00+00:00,111002.8,111172.4,110876.5,110932.6,1536.074,170463975.68426
2025-09-08 05:00:00+00:00,110932.6,111020.7,110853,110985.2,451.1756,50043337.67592
2025-09-08 06:00:00+00:00,110985.2,111151.6,110870,111068.8,783.8068,87014033.81022
2025-09-08 07:00:00+00:00,111068.8,111555,111068.8,111220.8,2975.6126,331295834.52066
2025-09-08 08:00:00+00:00,111220.8,111874.7,111189.9,111631.8,5087.8902,567873211.99788
2025-09-08 09:00:00+00:00,111631.8,112045.4,111532.1,112045.4,4949.2168,553574630.3765
2025-09-08 10:00:00+00:00,112045.4,112142.4,111860.5,111995.6,2987.73821625,334694772.137737703
2025-09-08 11:00:00+00:00,111995.6,112090.9,111713.8,112017.4,2378.95839719,266141836.516091468
2025-09-08 12:00:00+00:00,112017.4,112120.8,111885.9,112000,942.69400254,105573714.594215203
2025-09-08 13:00:00+00:00,112000,112332.5,111836.7,111869.9,4340.36025286,486680786.763743585
2025-09-08 14:00:00+00:00,111869.9,112742.4,111836.7,112585,5231.96881227,587816684.197606384
2025-09-08 15:00:00+00:00,112585,112850,112460.1,112567.4,3290.55840018,370745751.81652229
2025-09-08 16:00:00+00:00,112567.4,112616.3,112229.5,112343.4,2088.7753786,234733083.672857785
2025-09-08 17:00:00+00:00,112343.4,112492.5,112033,112166.3,1139.62783349,127917087.202836841
2025-09-08 18:00:00+00:00,112166.3,112471.3,112137.8,112432.2,834.28844966,93696645.211650327
2025-09-08 19:00:00+00:00,112432.2,112432.3,111935,112046,1640.50095195,183907487.105002738
2025-09-08 20:00:00+00:00,112046,112101,111846.6,111919.6,1043.14610437,116794360.916495287
2025-09-08 21:00:00+00:00,111919.6,112290.6,111884.4,112279.9,927.47385924,103999828.683000554
2025-09-08 22:00:00+00:00,112279.9,112465,112152.8,112176.2,959.71952122,107797144.903542661
2025-09-08 23:00:00+00:00,112176.2,112247.9,111929,112010.2,471.28334237,52818758.023371177
2025-09-09 00:00:00+00:00,112010.2,112052.8,111409.2,111616.4,3999.39604799,446490342.227366868
2025-09-09 01:00:00+00:00,111616.4,111708.2,111232.5,111330.1,2345.84772519,261302586.335369962
2025-09-09 02:00:00+00:00,111330.1,111407.8,111083.4,111292.5,1822.89318975,202796933.803565602
2025-09-09 03:00:00+00:00,111292.5,111694.4,111189.5,111654.8,2051.78315759,228695298.63259666
2025-09-09 04:00:00+00:00,111654.8,112042.3,111574,111970.1,2879.82437838,322212684.259021539
2025-09-09 05:00:00+00:00,111970.1,112204.8,111800,112156.7,1809.36898867,202721599.662723827
2025-09-09 06:00:00+00:00,112156.7,113118.6,112109.3,112981.9,5444.14054184,613720141.617988933
2025-09-09 07:00:00+00:00,112981.9,113237.1,112705,112950.2,5373.94298607,607277675.511334638
2025-09-09 08:00:00+00:00,112950.2,113132.4,112855.3,112956.5,1438.49380737,162524524.648937615
2025-09-09 09:00:00+00:00,112956.5,113017.3,112859,112918.8,991.43830286,111953310.96214906
2025-09-09 10:00:00+00:00,112918.8,112995.7,112596.2,112692.2,1557.77999482,175667668.409274696
2025-09-09 11:00:00+00:00,112692.2,112771.4,112365.5,112397.5,976.86389582,109981557.796175829
2025-09-09 12:00:00+00:00,112397.5,112793.8,112350.1,112626.3,1469.46674807,165497765.861663135
2025-09-09 13:00:00+00:00,112626.3,112893.1,112433.4,112710,1697.4211646,191287201.572603837
2025-09-09 14:00:00+00:00,112710,112908.7,111473.4,111721.2,9392.17977468,1052303323.944781632
2025-09-09 15:00:00+00:00,111721.2,111796.6,110730.1,110837,7559.23919614,840045104.046251367
2025-09-09 16:00:00+00:00,110837,111106.8,110745.1,110925.3,2299.60070674,255048608.979294206
2025-09-09 17:00:00+00:00,110925.3,111154.1,110847.6,110990,1377.66909918,152946235.280310474
2025-09-09 18:00:00+00:00,110990,111272,110889.3,111102.6,1655.70166394,183956334.613034915
2025-09-09 19:00:00+00:00,111102.6,111342.9,111081.7,111252.2,736.95033677,81975866.493868171
2025-09-09 20:00:00+00:00,111252.2,111487.2,111040.8,111483.1,1714.15030638,190687447.169922058
2025-09-09 21:00:00+00:00,111483.1,111688,111205.3,111237.9,1499.46294159,167155998.685476933
2025-09-09 22:00:00+00:00,111237.9,111584.9,111197.1,111505.4,846.74697743,94331572.423500867
2025-09-09 23:00:00+00:00,111505.4,111529.6,111302.8,111491.2,606.57069594,67588074.689529744
2025-09-10 00:00:00+00:00,111491.2,111509,110888.3,110965.2,2399.61635968,266627297.786680374
2025-09-10 01:00:00+00:00,110965.2,111184,110871.7,110960.9,1418.50725474,157428137.11163842
2025-09-10 02:00:00+00:00,110960.9,111506.5,110960.9,111362,2368.64267269,263599791.503611341
2025-09-10 03:00:00+00:00,111362,111530,111313.2,111495.6,595.10858078,66312577.130427112
2025-09-10 04:00:00+00:00,111495.6,111598.1,111351.8,111471.1,673.58575756,75081741.769834538
2025-09-10 05:00:00+00:00,111471.1,111664,111305.7,111531,4444.1000605,495277856.262250449
2025-09-10 06:00:00+00:00,111531,111918.2,111346.5,111737.7,1862.7977218,208073961.131760598
2025-09-10 07:00:00+00:00,111737.7,112530.3,111706.2,112488.7,3254.3749821,365081736.679711462
2025-09-10 08:00:00+00:00,112488.7,112790,112283,112326.2,4903.1718582,551969436.715958606
2025-09-10 09:00:00+00:00,112326.2,112399.5,112051.2,112237,2070.24286049,232324828.380107456
2025-09-10 10:00:00+00:00,112237,112384,112155.1,112224.5,1782.11732894,200124290.717212902
2025-09-10 11:00:00+00:00,112224.5,112371.6,112109.1,112258,787.71221792,88396314.500360346
2025-09-10 12:00:00+00:00,112258,113510,112258,113387.9,11874.2207663,1342725279.812740431
2025-09-10 13:00:00+00:00,113387.9,114274.7,113343.6,113904.1,9349.03356871,1063551447.889538105
2025-09-10 14:00:00+00:00,113904.1,114225,113755,113859.3,4611.02076516,525691377.536954093
2025-09-10 15:00:00+00:00,113859.3,114060,113680.9,113802.9,2463.51093866,280458553.997015411
2025-09-10 16:00:00+00:00,113802.9,113883.8,113535.6,113732.7,2957.98751605,336189418.990650765
2025-09-10 17:00:00+00:00,113732.7,114041.7,113382.5,113697.7,2553.55237998,290303037.175926867
2025-09-10 18:00:00+00:00,113697.7,113861.9,113300,113543.1,4765.64898089,541165149.826757665
2025-09-10 19:00:00+00:00,113543.1,113578.1,113104.9,113521.8,1913.4822336,216751453.823242596
2025-09-10 20:00:00+00:00,113521.8,113840.1,113488.6,113509,2684.80168751,305103360.437649472
2025-09-10 21:00:00+00:00,113509,113793.8,113469.1,113777.4,1443.96877381,164186014.753630594
2025-09-10 22:00:00+00:00,113777.4,113934.8,113650.2,113832.9,1176.1064256,133867708.588282183
2025-09-10 23:00:00+00:00,113832.9,113970.9,113731.1,113899.9,1474.1751288,167884796.430038223
2025-09-11 00:00:00+00:00,113899.9,113946.8,113608.2,113830.7,882.41390754,100397956.007469252
2025-09-11 01:00:00+00:00,113830.7,114130,113774.8,113842.1,1250.79671461,142479670.060312997
2025-09-11 02:00:00+00:00,113842.1,113894.4,113657.3,113763.6,624.1726315,71028399.586550203
2025-09-11 03:00:00+00:00,113763.6,114377,113763.6,114349.7,2541.3913527,290234670.462166344
2025-09-11 04:00:00+00:00,114349.7,114349.8,114016.8,114106.7,1583.27037941,180770966.562687037
2025-09-11 05:00:00+00:00,114106.7,114285.4,113910,114208.3,1661.3209459,189530529.035760828
2025-09-11 06:00:00+00:00,114208.3,114420,114010.1,114270.1,1122.30785274,128227692.389080238
2025-09-11 07:00:00+00:00,114270.1,114272.7,113919.6,114049,2130.43704376,242961706.444223428
2025-09-11 08:00:00+00:00,114049,114160,113926.7,114005.7,872.38272453,99494128.037258361
2025-09-11 09:00:00+00:00,114005.7,114033.5,113720.3,113847.6,1960.48440256,223209439.810005474
2025-09-11 10:00:00+00:00,113847.6,114069.2,113844.4,114033.2,1257.35434933,143287384.08257252
2025-09-11 11:00:00+00:00,114033.2,114063.7,113869.8,113962.8,1453.47009729,165618605.799151487
2025-09-11 12:00:00+00:00,113962.8,114475.5,113451.8,113923.9,19096.33013159,2175203786.873041483
2025-09-11 13:00:00+00:00,113923.9,114665.9,113368,114576.1,10088.32949491,1149257316.668502667
2025-09-11 14:00:00+00:00,114576.1,114618.4,113870.1,114396.1,4138.35242537,472860114.987253752
2025-09-11 15:00:00+00:00,114396.1,114628.4,113935.6,114124,2957.50597236,338165215.958001625
2025-09-11 16:00:00+00:00,114124,114527.2,114124,114432.5,1660.00640862,189871702.043336891
2025-09-11 17:00:00+00:00,114432.5,114544,114281.5,114533.1,823.80330342,94273860.746990066
2025-09-11 18:00:00+00:00,114533.1,114555,114034.9,114258.1,1754.89885988,200383640.823978721
2025-09-11 19:00:00+00:00,114258.1,114480.9,114130,114372.3,875.65895024,100100152.945057887
2025-09-11 20:00:00+00:00,114372.3,114447.1,114210,114343.1,791.17365857,90447116.359073324
2025-09-11 21:00:00+00:00,114343.1,114471.9,114343.1,114428.2,306.41440304,35061425.989353864
2025-09-11 22:00:00+00:00,114428.2,115212.3,114383.4,115025.8,3959.36991167,455005236.516748293
2025-09-11 23:00:00+00:00,115025.8,115417.8,115024.1,115416.9,2753.99042027,317531091.372821548
2025-09-12 00:00:00+00:00,115416.9,116265.9,115346,115779.4,6283.92072158,727561567.759255109
2025-09-12 01:00:00+00:00,115779.4,115961.4,115321,115321.1,8411.60684109,972786238.581734546
2025-09-12 02:00:00+00:00,115321.1,115608.4,115199.2,115338.2,5050.8737807,583061402.129363886
2025-09-12 03:00:00+00:00,115338.2,115375.7,115005,115150.1,2161.9301816,248973039.430491815
2025-09-12 04:00:00+00:00,115150.1,115470.4,115045.5,115308.2,2555.97828304,294717336.84405139
2025-09-12 05:00:00+00:00,115308.2,115611.6,115262.7,115559.4,1342.35644481,155004402.360245238
2025-09-12 06:00:00+00:00,115559.4,115559.5,115200.9,115270.1,1394.24535877,160780288.617328848
2025-09-12 07:00:00+00:00,115270.1,115366.1,115028.1,115038.2,1437.76671071,165577008.002984155
2025-09-12 08:00:00+00:00,115038.2,115235.6,114908.9,115014.2,2583.56578354,297141706.195186778
2025-09-12 09:00:00+00:00,115014.2,115091.7,114836.9,115005.6,1320.12327893,151730647.340591569
2025-09-12 10:00:00+00:00,115005.6,115049.5,114884,114935.2,860.77502546,98947244.184052416
2025-09-12 11:00:00+00:00,114935.2,115115,114858.3,114870.6,1119.57529108,128708539.931109764
2025-09-12 12:00:00+00:00,114870.6,115131.9,114701.7,115040.1,2433.4597694,279612976.750088114
2025-09-12 13:00:00+00:00,115040.1,115183,114770,115109.2,1698.5989809,195310935.752348823
2025-09-12 14:00:00+00:00,115109.2,115425,114812,115212.2,3970.36840131,457271356.231286348
2025-09-12 15:00:00+00:00,115212.2,115242.2,114889,115062.2,1785.9832855,205514472.395209459
2025-09-12 16:00:00+00:00,115062.2,115450,114981.5,115429.9,2253.67804437,259748005.48935305
2025-09-12 17:00:00+00:00,115429.9,115874.9,115326.1,115739.2,4531.64077512,524405030.615867562
2025-09-12 18:00:00+00:00,115739.2,116431.5,115688.1,116400.7,4906.74064903,570256706.514292658
2025-09-12 19:00:00+00:00,116400.7,116589.4,116168.3,116561.6,2532.43441286,294773344.487907101
2025-09-12 20:00:00+00:00,116561.6,116561.6,115896.2,116082.2,2310.98711663,268454860.544649603
2025-09-12 21:00:00+00:00,116082.2,116088.2,115701.2,115800.2,1314.86069471,152358393.20979298
2025-09-12 22:00:00+00:00,115800.2,116276.5,115800.1,115969.4,1623.40527323,188414999.985987919
2025-09-12 23:00:00+00:00,115969.4,116110.6,115870.2,115978.6,608.61395613,70588787.089581839
2025-09-13 00:00:00+00:00,115978.6,116226.4,115908,116149.9,1014.54449977,117729928.993836006
2025-09-13 01:00:00+00:00,116149.9,116211.7,115533.3,115709,1846.81885946,214035903.129721966
2025-09-13 02:00:00+00:00,115709,115945,115631.4,115839,1016.11024963,117705684.408163971
2025-09-13 03:00:00+00:00,115839,115977.8,115805.2,115923.7,554.56540409,64259655.705685339
2025-09-13 04:00:00+00:00,115923.7,115923.7,115645,115654.4,1014.89777967,117454795.022456965
2025-09-13 05:00:00+00:00,115654.4,115798,115618.1,115667.8,1080.26685569,124944188.274133156
2025-09-13 06:00:00+00:00,115667.8,115762,115617.4,115699.2,701.09291372,81099170.085116047
2025-09-13 07:00:00+00:00,115699.2,115813.9,115660,115744.1,554.04384658,64144139.613307475
2025-09-13 08:00:00+00:00,115744.1,116020.6,115739.4,115934.7,764.67590238,88599025.401319325
2025-09-13 09:00:00+00:00,115934.7,115993.9,115824.5,115990.3,776.89729908,90042335.300273665
2025-09-13 10:00:00+00:00,115990.3,116129.2,115856.8,115881.2,1187.12663338,137699359.428417116
2025-09-13 11:00:00+00:00,115881.2,115963.5,115830,115916.4,351.87643714,40777459.211513939
2025-09-13 12:00:00+00:00,115916.4,116009.4,115809.7,115952.6,447.68570413,51883685.387170093
2025-09-13 13:00:00+00:00,115952.6,115952.7,115576,115709.8,962.05460529,111369316.215538791
2025-09-13 14:00:00+00:00,115709.8,115899.7,115550.4,115740.9,1220.86774327,141278975.631448211
2025-09-13 15:00:00+00:00,115740.9,115885.7,115565.1,115727.5,1808.54179881,209264676.39632178
2025-09-13 16:00:00+00:00,115727.5,115780.3,115091,115286.1,3105.2808805,358288389.5408751
2025-09-13 17:00:00+00:00,115286.1,115546.9,115120.6,115526,2148.73948536,247760254.689004831
2025-09-13 18:00:00+00:00,115526,115615.9,115392.1,115590.1,811.85460617,93762403.812211855
2025-09-13 19:00:00+00:00,115590.1,115746.9,115525.5,115744.5,910.67314502,105310851.228072312
2025-09-13 20:00:00+00:00,115744.5,115938.3,115744.5,115843.1,874.90907976,101363766.523207845
2025-09-13 21:00:00+00:00,115843.1,115919.5,115790.5,115843.8,720.2317715,83449548.915085626
2025-09-13 22:00:00+00:00,115843.8,115880,115754.7,115819.9,499.16376334,57807578.614753799
2025-09-13 23:00:00+00:00,115819.9,115942.2,115816,115870.6,577.78668393,66949421.838690901
2025-09-14 00:00:00+00:00,115870.6,115960,115772,115892.7,451.19701861,52295224.654775974
2025-09-14 01:00:00+00:00,115892.7,115946.5,115700,115909.7,637.72166248,73845569.228402563
2025-09-14 02:00:00+00:00,115909.7,116075.2,115700.5,115808.3,1077.29949743,124872489.30682733
2025-09-14 03:00:00+00:00,115808.3,115824.1,115594.3,115629.9,724.3546215,83787092.167113913
2025-09-14 04:00:00+00:00,115629.9,115733.7,115411.8,115700.1,1325.8009416,153238541.583983637
2025-09-14 05:00:00+00:00,115700.1,115869.2,115689.8,115814.4,498.03384236,57672000.095561205
2025-09-14 06:00:00+00:00,115814.4,115884.8,115634.5,115682.3,463.40557096,53630730.108476799
2025-09-14 07:00:00+00:00,115682.3,115780.7,115682.2,115746.2,259.46945371,30027146.837407107
2025-09-14 08:00:00+00:00,115746.2,115923.6,115703,115878.2,754.26204888,87384822.307381956
2025-09-14 09:00:00+00:00,115878.2,116118.1,115837.7,115994,1371.82599553,159125592.385286004
2025-09-14 10:00:00+00:00,115994,116085,115900.1,115980.3,469.59381961,54463749.006789927
2025-09-14 11:00:00+00:00,115980.3,116048.5,115703,115746.2,1122.76118204,130023977.923725189
2025-09-14 12:00:00+00:00,115746.2,115832.1,115615.1,115737.2,860.03033034,99540333.929252033
2025-09-14 13:00:00+00:00,115737.2,115748.4,115165.3,115293.7,3155.0545214,363943740.450557277
2025-09-14 14:00:00+00:00,115293.7,115655.6,115114,115348.1,2942.13449812,339465602.516658076
2025-09-14 15:00:00+00:00,115348.1,115374.5,115150,115177.6,870.89871577,100370137.539064917
2025-09-14 16:00:00+00:00,115177.6,115496.1,115142.5,115427.3,867.01377576,100003353.775686894
2025-09-14 17:00:00+00:00,115427.3,115600,115359.6,115500,578.88740575,66871639.727950726
2025-09-14 18:00:00+00:00,115500,115500.1,115310.9,115332.1,288.61063887,33306527.18765915
2025-09-14 19:00:00+00:00,115332.1,115590.6,115268.1,115584.2,1688.89066398,195084448.177524386
2025-09-14 20:00:00+00:00,115584.2,115809.7,115584.1,115751.7,1227.67201792,142035355.861066956
2025-09-14 21:00:00+00:00,115751.7,116029.4,115555.1,116008.5,1897.13502336,219817171.294355609
2025-09-14 22:00:00+00:00,116008.5,116030,115744.1,115949.3,1002.72948444,116223668.729404574
2025-09-14 23:00:00+00:00,115949.3,115949.3,115070,115222.6,2777.86745402,320489924.953966896
2025-09-15 00:00:00+00:00,115222.6,115222.6,114916.1,115029.3,2327.0278074,267704035.405934227
2025-09-15 01:00:00+00:00,115029.3,115242,114774.3,115184,3687.33175327,423870986.042370289
2025-09-15 02:00:00+00:00,115184,115393.4,115166.1,115315,969.99141038,111856217.111369107
2025-09-15 03:00:00+00:00,115315,115529.4,115298.6,115389.8,449.26620692,51857149.390945117
2025-09-15 04:00:00+00:00,115389.8,116106,115339.3,115995.1,4942.08779794,572698050.420095307
2025-09-15 05:00:00+00:00,115995.1,116541.8,115948.4,116466,2625.00936308,305120593.523881916
2025-09-15 06:00:00+00:00,116466,116711.7,115989.5,116074.1,4429.41301904,515487918.540513359
2025-09-15 07:00:00+00:00,116074.1,116350,115576,115766,3486.95129868,404373782.424908749
2025-09-15 08:00:00+00:00,115766,115769.8,114658.3,114714.2,5947.34185677,685234034.272194197
2025-09-15 09:00:00+00:00,114714.2,115146.6,114588.5,114826.5,5319.83273825,610910186.023331848
2025-09-15 10:00:00+00:00,114826.5,114908.1,114683.5,114731,1656.40280624,190126068.028120435
2025-09-15 11:00:00+00:00,114731,115160.5,114711.8,115020.1,1593.30471528,183156087.727991968
2025-09-15 12:00:00+00:00,115020.1,115031.4,114639.2,114694.8,1248.15281497,143299597.593792707
2025-09-15 13:00:00+00:00,114694.8,115050.2,114320,114618.7,4996.63043551,572822811.734271953
2025-09-15 14:00:00+00:00,114618.7,114991.9,114403.2,114627.1,2256.95520998,258852028.240672179
2025-09-15 15:00:00+00:00,114627.1,114855,114360,114793.7,2412.34942532,276397812.249105053
2025-09-15 16:00:00+00:00,114793.7,114881.9,114544,114620.9,1401.42775034,160754545.827939373
2025-09-15 17:00:00+00:00,114620.9,115083.5,114557.6,115073.6,955.6975843,109677926.98547979
2025-09-15 18:00:00+00:00,115073.6,115300,114840.6,115254.1,1931.18466361,222214411.462590631
2025-09-15 19:00:00+00:00,115254.1,115515,114904.9,115247.9,3915.95904873,451269900.965317963
2025-09-15 20:00:00+00:00,115247.9,115440,115136,115323.3,855.72896859,98641277.999663658
2025-09-15 21:00:00+00:00,115323.3,115471.9,115219.2,115457.9,626.7255801,72302757.11253983
2025-09-15 22:00:00+00:00,115457.9,115555,115158.2,115230,833.50402355,96150753.9563732
2025-09-15 23:00:00+00:00,115230,115429.8,115175,115300.3,647.82212717,74704143.917293514
2025-09-16 00:00:00+00:00,115300.3,115300.4,114882.9,115028.9,1216.55114303,139952605.134668608
2025-09-16 01:00:00+00:00,115028.9,115475.3,114954.7,114968.1,1664.3430806,191767588.808754196
2025-09-16 02:00:00+00:00,114968.1,115181.9,114968.1,114976.7,538.50273259,61961899.143545933
2025-09-16 03:00:00+00:00,114976.7,115369.9,114976.6,115250.1,679.12474258,78251898.507931226
2025-09-16 04:00:00+00:00,115250.1,115495.4,114858.3,115450,1489.32617118,171640841.817328449
2025-09-16 05:00:00+00:00,115450,115898,115388.3,115879.7,4045.51699179,468207402.665362619
2025-09-16 06:00:00+00:00,115879.7,115950,115544.4,115719.8,3510.26510178,406282757.658195174
2025-09-16 07:00:00+00:00,115719.8,115849.1,115666.4,115785.8,1229.55997395,142342469.45405932
2025-09-16 08:00:00+00:00,115785.8,115938.9,115464.3,115614.2,1919.99047335,222170822.950876093
2025-09-16 09:00:00+00:00,115614.2,115679.6,115358.9,115436.5,1072.5382725,123946955.360792527
2025-09-16 10:00:00+00:00,115436.5,115559.2,115320,115334.7,1075.91295155,124189644.428281986
2025-09-16 11:00:00+00:00,115334.7,115397.3,115170.6,115250,1656.81105947,190994114.872149831
2025-09-16 12:00:00+00:00,115250,115429.2,115241.1,115393,1041.80851503,120166470.865236893
2025-09-16 13:00:00+00:00,115393,115519,114684.8,115163.5,5508.82546015,633596663.615872677
2025-09-16 14:00:00+00:00,115163.5,115269.7,114772.6,115243.2,3017.00143853,347119129.801164629
2025-09-16 15:00:00+00:00,115243.2,115860,114980,115859.9,2381.98793328,275018349.982801218
2025-09-16 16:00:00+00:00,115859.9,116015,115553.3,116009.8,3762.86707593,435706625.831866676
2025-09-16 17:00:00+00:00,116009.8,116827.7,115999.9,116409.5,7544.71555738,878773531.037859957
2025-09-16 18:00:00+00:00,116409.5,116728,116168,116369,2833.05345157,329892544.171009759
2025-09-16 19:00:00+00:00,116369,116762.6,116329.5,116751.2,1421.78649747,165745531.920903748
2025-09-16 20:00:00+00:00,116751.2,116853.1,116658.1,116778.1,1245.86541765,145488217.920177474
2025-09-16 21:00:00+00:00,116778.1,116894.8,116535.2,116748.2,1145.79925384,133746874.679713196
2025-09-16 22:00:00+00:00,116748.2,116895.5,116625.2,116789.9,1455.34760563,169955956.149540772
2025-09-16 23:00:00+00:00,116789.9,116855.5,116555.8,116728.6,1167.3624336,136250308.139387107
2025-09-17 00:00:00+00:00,116728.6,116774.9,116490.6,116504.5,904.49619528,105457039.483195946
2025-09-17 01:00:00+00:00,116504.5,116708,116450,116616.6,1092.39961358,127334776.336083623
2025-09-17 02:00:00+00:00,116616.6,117039.2,116500,116627.1,1645.81063596,192228471.021296294
2025-09-17 03:00:00+00:00,116627.1,116700,116313.7,116316.1,1615.43077254,188195773.331354055
2025-09-17 04:00:00+00:00,116316.1,116433.6,116110.6,116270.8,1459.56154455,169678437.582890148
2025-09-17 05:00:00+00:00,116270.8,117160,116270.7,117059.8,4309.31937106,503021348.912310826
2025-09-17 06:00:00+00:00,117059.8,117236.5,116926.4,117177.2,2001.87630035,234337492.824165582
2025-09-17 07:00:00+00:00,117177.2,117215.1,117066.6,117116.2,1331.40561018,155963618.766175618
2025-09-17 08:00:00+00:00,117116.2,117147.9,116655.7,116820.7,2773.71388363,323955774.292102434
2025-09-17 09:00:00+00:00,116820.7,116820.7,116520,116520.1,1559.60125998,181905018.874682171
2025-09-17 10:00:00+00:00,116520.1,116571.9,116234.6,116329.1,1738.79763003,202414041.908065072
2025-09-17 11:00:00+00:00,116329.1,116343,116217,116217.1,1979.89315625,230195118.996807709
2025-09-17 12:00:00+00:00,116217.1,116491.7,116046.1,116160.9,2709.67222466,314927887.369263763
2025-09-17 13:00:00+00:00,116160.9,116293.1,115861.1,116072.2,3061.88784609,355359792.429437845
2025-09-17 14:00:00+00:00,116072.2,116205.2,115425,115576.7,4986.59968169,576730004.857766169
2025-09-17 15:00:00+00:00,115576.7,115844.7,115499.2,115836.1,1994.52984721,230712979.666204151
2025-09-17 16:00:00+00:00,115836.1,115836.1,115338,115600.5,2588.29357503,299071701.144875371
2025-09-17 17:00:00+00:00,115600.5,116258.4,115465.7,115519,5730.9408815,664258637.626928981
2025-09-17 18:00:00+00:00,115519,116302.5,114669,115186.9,24358.97958625,2814348070.221458062
2025-09-17 19:00:00+00:00,115186.9,115946.6,115032.9,115588.8,5226.02698517,604019456.153605739
2025-09-17 20:00:00+00:00,115588.8,116095.8,115429.3,115564.7,2406.55035632,278620190.849566478
2025-09-17 21:00:00+00:00,115564.7,116075.9,115251.3,115998.4,2683.58867151,310465671.18838276
2025-09-17 22:00:00+00:00,115998.4,116783.6,115998.4,116505.1,3745.88886524,435597925.351670018
2025-09-17 23:00:00+00:00,116505.1,116929,116261.2,116395.9,3142.51621165,366524517.196091934
2025-09-18 00:00:00+00:00,116395.9,116422.2,116044.1,116303.2,1957.07458472,227443729.080898333
2025-09-18 01:00:00+00:00,116303.2,116827.2,116290,116594.5,1955.44008189,228033512.680864849
2025-09-18 02:00:00+00:00,116594.5,116900,116368.5,116881.6,2051.97158437,239344842.28463688
2025-09-18 03:00:00+00:00,116881.6,117830,116833.8,117520.3,8635.62120702,1014748067.925948857
2025-09-18 04:00:00+00:00,117520.3,117697.4,117178.1,117575.5,3416.48583307,401213453.256256158
2025-09-18 05:00:00+00:00,117575.5,117575.6,117124.1,117218.9,2669.06815083,313166058.578578599
2025-09-18 06:00:00+00:00,117218.9,117286.3,116836.1,117053.1,2311.92938966,270525347.853698578
2025-09-18 07:00:00+00:00,117053.1,117166.5,117004.9,117038,1113.84999841,130428131.376962176
2025-09-18 08:00:00+00:00,117038,117381.9,116964.1,117192.2,1595.18780016,186959853.43929957
2025-09-18 09:00:00+00:00,117192.2,117313.2,117065.6,117257.2,1353.70827874,158618425.844285585
2025-09-18 10:00:00+00:00,117257.2,117263.9,117025.6,117142.5,761.02418315,89141034.081486066
2025-09-18 11:00:00+00:00,117142.5,117246.2,116951.8,117011.7,826.83297471,96839310.681880308
2025-09-18 12:00:00+00:00,117011.7,117243.1,116923.1,117073.2,2448.79201743,286724969.307178917
2025-09-18 13:00:00+00:00,117073.2,117608.9,116963.6,117376.5,4569.81292728,535997741.349067618
2025-09-18 14:00:00+00:00,117376.5,117777,117344.1,117563.3,2996.13805247,352325052.227927238
2025-09-18 15:00:00+00:00,117563.3,117650,117252.1,117526.5,2836.06245465,333017335.162013894
2025-09-18 16:00:00+00:00,117526.5,117739.2,117447.7,117514.2,1474.22312096,173384495.115872937
2025-09-18 17:00:00+00:00,117514.2,117721.3,117360,117535.9,1941.14682905,228106004.064542996
2025-09-18 18:00:00+00:00,117535.9,117855.5,117457.1,117752.6,1401.5855464,165014658.278803708
2025-09-18 19:00:00+00:00,117752.6,117752.6,117125,117397.2,2322.43053873,272658448.83137284
2025-09-18 20:00:00+00:00,117397.2,117604.9,117274.8,117462.1,834.40145002,98005809.247158649
2025-09-18 21:00:00+00:00,117462.1,117462.1,117241.5,117241.6,765.74650379,89855292.672457076
2025-09-18 22:00:00+00:00,117241.6,117281.5,116999.7,117006,1104.92220169,129444083.822639954
2025-09-18 23:00:00+00:00,117006,117120,116555,117019,4408.94803795,515200549.090358698
2025-09-19 00:00:00+00:00,117019,117372.5,116959.6,117361,2037.9614003,238773534.853339705
2025-09-19 01:00:00+00:00,117361,117400,117061,117177.5,839.14123642,98361871.562453578
2025-09-19 02:00:00+00:00,117177.5,117230,116984.9,117055.7,857.44386962,100382301.86666365
2025-09-19 03:00:00+00:00,117055.7,117237.4,116805.4,116932,1632.21851801,190964060.507092658
2025-09-19 04:00:00+00:00,116932,117050,116660.3,116939,1906.47484678,222731171.2984152
2025-09-19 05:00:00+00:00,116939,116970.8,116738.6,116843.7,671.35690304,78450389.955941579
2025-09-19 06:00:00+00:00,116843.7,116843.8,116567.9,116641,1038.1912171,121171832.374091918
2025-09-19 07:00:00+00:00,116641,116948.7,116631.3,116856.3,1521.4517476,177722618.814025528
2025-09-19 08:00:00+00:00,116856.3,117049.7,116836,116865.6,1359.14551543,158977181.004723305
2025-09-19 09:00:00+00:00,116865.6,116940.8,116433.8,116442.6,1992.22482779,232329429.942242398
2025-09-19 10:00:00+00:00,116442.6,116508.1,116380,116486,1758.29284696,204742552.350071715
2025-09-19 11:00:00+00:00,116486,116508,116258.7,116352.2,1568.14894145,182471935.802621602
2025-09-19 12:00:00+00:00,116352.2,116499.7,116082.3,116117.8,2185.31609752,254032269.580888176
2025-09-19 13:00:00+00:00,116117.8,116417.9,116021.5,116244.4,2260.10161234,262606830.642896311
2025-09-19 14:00:00+00:00,116244.4,116450,115737.1,115852.9,3832.01231646,444499123.552744741
2025-09-19 15:00:00+00:00,115852.9,115900,115423,115825.9,5390.77863141,623337014.783162684
2025-09-19 16:00:00+00:00,115825.9,116084.1,115751.3,116030.2,1485.8105583,172229826.718030845
2025-09-19 17:00:00+00:00,116030.2,116030.2,115483.6,115483.7,1672.30216112,193461868.331079632
2025-09-19 18:00:00+00:00,115483.7,115595.9,115340,115373.3,1555.8769929,179607971.999341924
2025-09-19 19:00:00+00:00,115373.3,115440.1,115069.9,115086.1,1560.88442827,179860926.225910633
2025-09-19 20:00:00+00:00,115086.1,115400,115059.3,115312.5,1815.47489379,209311968.727890825
2025-09-19 21:00:00+00:00,115312.5,115496.5,115263.4,115417.4,975.77870063,112592996.111581678
2025-09-19 22:00:00+00:00,115417.4,115610.3,115417.4,115562.3,1264.82934438,146088128.330383106
2025-09-19 23:00:00+00:00,115562.3,115598.2,115396.8,115578,446.93691751,51616643.011306428
2025-09-20 00:00:00+00:00,115578,115669.2,115501.1,115667.9,663.24874743,76668238.671584644
2025-09-20 01:00:00+00:00,115667.9,115668.8,115554.6,115578.7,345.89481779,39992340.107219234
2025-09-20 02:00:00+00:00,115578.7,115578.7,115384.1,115551.1,555.20140315,64120400.552366532
2025-09-20 03:00:00+00:00,115551.1,115551.2,115358.1,115392.1,359.45905505,41495157.614213558
2025-09-20 04:00:00+00:00,115392.1,115537,115359,115520.7,389.32067498,44945358.563288418
2025-09-20 05:00:00+00:00,115520.7,115662.1,115461.1,115662,411.60608437,47572774.959287436
2025-09-20 06:00:00+00:00,115662,115662.4,115570.1,115644.5,382.03922535,44172632.901428285
2025-09-20 07:00:00+00:00,115644.5,115920.1,115628.5,115907.7,1386.23288994,160534249.288423945
2025-09-20 08:00:00+00:00,115907.7,115907.7,115641.4,115645.2,987.14268272,114304726.267608115
2025-09-20 09:00:00+00:00,115645.2,115743.9,115608.9,115611.2,373.01487933,43145250.894965606
2025-09-20 10:00:00+00:00,115611.2,115740.5,115611.1,115693.9,404.02450728,46741271.655391859
2025-09-20 11:00:00+00:00,115693.9,115866.9,115693.9,115841.1,559.86762191,64824621.302153071
2025-09-20 12:00:00+00:00,115841.1,115905,115748,115824.5,512.63812557,59385715.455361287
2025-09-20 13:00:00+00:00,115824.5,115888,115800,115859.6,405.16956087,46938472.292689185
2025-09-20 14:00:00+00:00,115859.6,115969.2,115822.7,115901.2,631.97889192,73243308.916156489
2025-09-20 15:00:00+00:00,115901.2,116062.6,115878.6,115929.9,1077.74615344,125000091.736074113
2025-09-20 16:00:00+00:00,115929.9,116000,115809.2,115966.6,530.45522897,61485026.366021855
2025-09-20 17:00:00+00:00,115966.6,116026.8,115759.5,115760.9,539.81055593,62539891.475766016
2025-09-20 18:00:00+00:00,115760.9,115761,115633.2,115650,787.10471056,91046290.746002868
2025-09-20 19:00:00+00:00,115650,115737.8,115637.8,115639.5,433.11195001,50100085.347016557
2025-09-20 20:00:00+00:00,115639.5,115728.1,115626,115670,203.16318765,23502832.363860384
2025-09-20 21:00:00+00:00,115670,115880,115668.1,115727.4,545.28970111,63117780.443432446
2025-09-20 22:00:00+00:00,115727.4,115740.2,115680.1,115718.8,212.88619214,24633044.792780883
2025-09-20 23:00:00+00:00,115718.8,115718.9,115551.5,115633.9,459.57395429,53129422.148177946
2025-09-21 00:00:00+00:00,115633.9,115675.1,115490.7,115591.6,546.94933609,63216939.435459028
2025-09-21 01:00:00+00:00,115591.6,115591.7,115433.5,115433.5,377.41776757,43589643.204565641
2025-09-21 02:00:00+00:00,115433.5,115653.4,115397.4,115634,640.44220604,73964361.809130407
2025-09-21 03:00:00+00:00,115634,115655,115563.9,115613.7,268.79297181,31073113.482518424
2025-09-21 04:00:00+00:00,115613.7,115620.8,115441.1,115441.1,287.71185717,33235520.946428962
2025-09-21 05:00:00+00:00,115441.1,115620.1,115441.1,115620.1,383.6934665,44314230.04639295
2025-09-21 06:00:00+00:00,115620.1,115737.4,115620,115632.1,484.42977697,56047512.180449938
2025-09-21 07:00:00+00:00,115632.1,115755.8,115561,115755.8,340.6914679,39400253.778055891
2025-09-21 08:00:00+00:00,115755.8,115765.7,115504.7,115578.8,336.72732338,38924685.062191441
2025-09-21 09:00:00+00:00,115578.8,115652,115271.9,115632.8,1253.6557719,144693025.097367934
2025-09-21 10:00:00+00:00,115632.8,115653.4,115448.9,115463.8,336.53754659,38891924.534688397
2025-09-21 11:00:00+00:00,115463.8,115639.9,115459.8,115556.1,348.13411841,40237730.589087387
2025-09-21 12:00:00+00:00,115556.1,115699,115556,115616.6,346.85084767,40116343.203516229
2025-09-21 13:00:00+00:00,115616.6,115689.8,115579,115605.2,336.3773176,38896687.015403102
2025-09-21 14:00:00+00:00,115605.2,115636.1,115433.3,115445.1,521.47825044,60250658.057799968
2025-09-21 15:00:00+00:00,115445.1,115554,115415.7,115471.7,528.33619191,61011846.741973897
2025-09-21 16:00:00+00:00,115471.7,115499.9,115156,115275.2,1240.87888188,143053501.765578629
2025-09-21 17:00:00+00:00,115275.2,115591.9,115207.6,115576.2,1288.08319025,148621223.285297676
2025-09-21 18:00:00+00:00,115576.2,115622.9,115476.1,115489.6,511.865598,59148132.38813298
2025-09-21 19:00:00+00:00,115489.6,115489.6,115278.2,115443.2,286.21876816,33024010.538227549
2025-09-21 20:00:00+00:00,115443.2,115464.1,115264.7,115264.7,416.94466682,48094736.219514625
2025-09-21 21:00:00+00:00,115264.7,115385.2,115200.9,115358,651.09543868,75049797.144425099
2025-09-21 22:00:00+00:00,115358,115502.4,115134.7,115480.4,628.83786492,72511599.85078874
2025-09-21 23:00:00+00:00,115480.4,115480.5,115149,115191,496.58890785,57224493.796829337
2025-09-22 00:00:00+00:00,115191,115340,114231,114350.1,7377.4888231,846057527.644133044
2025-09-22 01:00:00+00:00,114350.1,114697.1,114200,114215.8,3568.56528194,408363487.649432818
2025-09-22 02:00:00+00:00,114215.8,114555,114083.4,114137.6,3167.69047007,362014778.23310898
2025-09-22 03:00:00+00:00,114137.6,114600,114137.6,114599.8,1482.19939234,169579879.386013546
2025-09-22 04:00:00+00:00,114599.8,114599.9,114343.8,114392.3,644.12548448,73716680.999888894
2025-09-22 05:00:00+00:00,114392.3,114498.6,113590,113628.2,3254.26581609,370956210.448231279
2025-09-22 06:00:00+00:00,113628.2,113632.4,111549.3,112755.4,37763.04274043,4250207010.841018054
2025-09-22 07:00:00+00:00,112755.4,112950,112397.5,112455.2,3892.48184829,438508233.841678066
2025-09-22 08:00:00+00:00,112455.2,112726.8,112390,112577,1776.99978476,200021121.065884239
2025-09-22 09:00:00+00:00,112577,112618.3,112118.6,112289.2,3086.71541863,346759669.119490408
2025-09-22 10:00:00+00:00,112289.2,112797,112201.6,112730.3,1790.05883142,201404506.144493302
2025-09-22 11:00:00+00:00,112730.3,112920,112618,112815,1215.60301224,137114851.117626054
2025-09-22 12:00:00+00:00,112815,112815,112450.6,112689.7,1586.03627433,178597026.741590131
2025-09-22 13:00:00+00:00,112689.7,113099.6,112333.8,113086,2994.00117056,337466774.397207697
2025-09-22 14:00:00+00:00,113086,113379.9,112717.2,112882.8,5864.48021492,663395649.157744752
2025-09-22 15:00:00+00:00,112882.8,112986.6,112525.7,112772.7,2301.00655468,259336669.123776494
2025-09-22 16:00:00+00:00,112772.7,112848.5,112528,112555.3,1278.08967692,144017278.772078039
2025-09-22 17:00:00+00:00,112555.3,112582.3,112200,112350.2,1713.60513822,192528315.152005662
2025-09-22 18:00:00+00:00,112350.2,112780.4,112315,112395.8,1051.11373233,118313093.420327647
2025-09-22 19:00:00+00:00,112395.8,112559,111888,112068.6,3601.69720256,403951553.26286587
2025-09-22 20:00:00+00:00,112068.6,112925.7,111929.5,112743.3,1931.29151597,217097270.681332663
2025-09-22 21:00:00+00:00,112743.3,112925.7,112560,112925.6,944.40441238,106431268.603121528
2025-09-22 22:00:00+00:00,112925.6,112925.7,112536.6,112586.3,579.41472007,65287516.475012524
2025-09-22 23:00:00+00:00,112586.3,112698.5,112542.5,112607,446.24439874,50253089.446334529
2025-09-23 00:00:00+00:00,112607,112789.1,112335,112350.1,937.04841162,105457607.673061395
2025-09-23 01:00:00+00:00,112350.1,112465,112096,112107.5,790.67220801,88782651.873550857
2025-09-23 02:00:00+00:00,112107.5,112447.3,111618.4,111764,3238.66586107,362652533.094720575
2025-09-23 03:00:00+00:00,111764,112405.8,111434.8,112294.4,3091.94620971,346182419.846286332
2025-09-23 04:00:00+00:00,112294.4,112425,111823.6,112383.7,1701.8591943,190884200.376423801
2025-09-23 05:00:00+00:00,112383.7,112846.6,112374.5,112617.9,2556.24349021,287974581.547693834
2025-09-23 06:00:00+00:00,112617.9,113066.5,112555.9,112918.6,2385.94035856,269320446.894154662
2025-09-23 07:00:00+00:00,112918.6,113064.6,112813.8,113036.4,2094.60464243,236553020.204021518
2025-09-23 08:00:00+00:00,113036.4,113108.4,112888,113072.4,1242.50273995,140452263.341424082
2025-09-23 09:00:00+00:00,113072.4,113220,112827,112890,2049.98792922,231676230.011804427
2025-09-23 10:00:00+00:00,112890,112974.3,112777,112930.7,1508.98182758,170293578.654118366
2025-09-23 11:00:00+00:00,112930.7,113035,112642.4,112938,1411.23076309,159219786.855404546
2025-09-23 12:00:00+00:00,112938,113001.6,112760.9,112891.3,1039.2829231,117321145.848727623
2025-09-23 13:00:00+00:00,112891.3,112974.4,112669.1,112895.1,1395.92790429,157519278.701089881
2025-09-23 14:00:00+00:00,112895.1,113240,112524,112613.6,4235.22729499,478017208.838981631
2025-09-23 15:00:00+00:00,112613.6,113024.6,112441.1,112830.1,4247.51634956,478912213.209306276
2025-09-23 16:00:00+00:00,112830.1,112928.5,112429.7,112789.5,4532.15845956,510569143.275930227
2025-09-23 17:00:00+00:00,112789.5,112790.7,111850,111926.8,3309.93442497,371276218.160692115
2025-09-23 18:00:00+00:00,111926.8,112162,111646.3,111741.6,3473.89006122,388736276.277833931
2025-09-23 19:00:00+00:00,111741.6,111950,111504,111617.3,1781.56133549,199023437.485834234
2025-09-23 20:00:00+00:00,111617.3,111959.6,111408.7,111948.1,2607.78695942,291395589.781699549
2025-09-23 21:00:00+00:00,111948.1,112158.5,111850,112120.6,1172.54919434,131320351.677576721
2025-09-23 22:00:00+00:00,112120.6,112179.5,111953.6,112112.8,739.09605329,82839499.900437799
2025-09-23 23:00:00+00:00,112112.8,112185.2,111823.2,111952.3,698.83089783,78260909.666180531
2025-09-24 00:00:00+00:00,111952.3,112343.8,111771.4,112182.1,1281.38168154,143678766.962800185
2025-09-24 01:00:00+00:00,112182.1,112460.7,112099.3,112400,1015.00397972,114023198.591388023
2025-09-24 02:00:00+00:00,112400,112447.3,111850,112074.2,1880.678278,210853432.583406665
2025-09-24 03:00:00+00:00,112074.2,112176.5,111636.2,111645.9,2172.14138724,242953794.243615516
2025-09-24 04:00:00+00:00,111645.9,112327.2,111013,112120.4,7917.4230176,883830481.363116603
2025-09-24 05:00:00+00:00,112120.4,112600,112080.7,112584.2,2092.77700296,235177638.298434104
2025-09-24 06:00:00+00:00,112584.2,112718.7,112469.2,112540.9,1644.03534357,185108445.131136831
2025-09-24 07:00:00+00:00,112540.9,112683.1,112408,112530,764.68257767,86046254.135263937
2025-09-24 08:00:00+00:00,112530,112600,112352.5,112575.4,1085.02320236,122018882.986655762
2025-09-24 09:00:00+00:00,112575.4,112782.5,112451.9,112689.9,1021.64011771,115075734.884246671
2025-09-24 10:00:00+00:00,112689.9,112917.3,112610.5,112881.8,1423.70983822,160515557.939786711
2025-09-24 11:00:00+00:00,112881.8,113095.7,112811.8,112970.8,2283.99930664,258028801.199520004
2025-09-24 12:00:00+00:00,112970.8,113029.5,112873.2,113001,957.42752946,108143970.620282973
2025-09-24 13:00:00+00:00,113001,113171,112750,112766.8,2504.78983313,282908265.288412423
2025-09-24 14:00:00+00:00,112766.8,113830,112766.7,113649.5,6451.8853718,732004984.581461508
2025-09-24 15:00:00+00:00,113649.5,113852.5,113188.6,113294.9,4452.09615291,505342802.95657278
2025-09-24 16:00:00+00:00,113294.9,113700,113113,113668.5,1888.37655816,214128175.622249711
2025-09-24 17:00:00+00:00,113668.5,113888.5,113549,113688.6,1975.28540688,224652301.022199066
2025-09-24 18:00:00+00:00,113688.6,113766,113446.8,113588,1621.83143711,184207414.51735637
2025-09-24 19:00:00+00:00,113588,113624.4,113226.9,113363.1,1517.21811385,171989901.585225419
2025-09-24 20:00:00+00:00,113363.1,113554.2,113341.4,113449.6,633.70119699,71889155.193671498
2025-09-24 21:00:00+00:00,113449.6,113532.5,113230.6,113284.6,658.16781068,74648124.052940226
2025-09-24 22:00:00+00:00,113284.6,113590.8,113200,113274.2,588.2015987,66693139.857625056
2025-09-24 23:00:00+00:00,113274.2,113371.8,113150,113254.2,704.80932915,79824158.122257239
2025-09-25 00:00:00+00:00,113254.2,113458.4,112917.3,113010.1,1984.8174688,224561995.728835576
2025-09-25 01:00:00+00:00,113010.1,113316.6,112407.5,112623.2,3341.9334894,376911349.698319356
2025-09-25 02:00:00+00:00,112623.2,113139.3,112460.1,112854.4,1943.21952604,219185125.433332877
2025-09-25 03:00:00+00:00,112854.4,112855.5,112166.7,112507.1,2572.92370767,289284511.131082439
2025-09-25 04:00:00+00:00,112507.1,112578.7,111536.2,111700.1,5515.33591662,617138604.536819422
2025-09-25 05:00:00+00:00,111700.1,111999.1,111557.4,111700.7,2886.75711932,322652943.558322533
2025-09-25 06:00:00+00:00,111700.7,111800,111459.9,111479.3,1804.77526444,201438704.867518601
2025-09-25 07:00:00+00:00,111479.3,111843.3,111386.2,111720.6,2079.63196376,232163789.521029451
2025-09-25 08:00:00+00:00,111720.6,111980,111642.3,111690.1,1300.58928085,145441594.349250689
2025-09-25 09:00:00+00:00,111690.1,112203.3,111511.7,111511.7,2341.66541901,261865287.484304952
2025-09-25 10:00:00+00:00,111511.7,111816.9,111467.9,111598.4,1393.58819417,155579534.410664693
2025-09-25 11:00:00+00:00,111598.4,111682.1,111229.4,111302.7,2292.40578276,255352592.87006429
2025-09-25 12:00:00+00:00,111302.7,111625,110978.7,111081.6,10604.66166798,1179863085.868611546
2025-09-25 13:00:00+00:00,111081.6,111685.7,110574.8,110967.2,7170.80124741,796544865.819054853
2025-09-25 14:00:00+00:00,110967.2,111680,110940.1,111493.1,3144.72996379,350399285.679177282
2025-09-25 15:00:00+00:00,111493.1,111537.8,110809.1,111536.3,3338.10493242,371051996.887227413
2025-09-25 16:00:00+00:00,111536.3,111628,110865.5,110922,1997.19255936,222176601.417358035
2025-09-25 17:00:00+00:00,110922,110932.6,108590.7,108786.2,12745.70150976,1399284216.675377538
2025-09-25 18:00:00+00:00,108786.2,109753.6,108577.7,109710.1,6937.37554759,757759765.9520155
2025-09-25 19:00:00+00:00,109710.1,109928.6,109252.9,109314.2,2657.1555548,291311141.430300297
2025-09-25 20:00:00+00:00,109314.2,109440,109000.2,109110.2,1850.42097732,202050762.139549683
2025-09-25 21:00:00+00:00,109110.2,109610.7,109018.2,109357.7,1831.31556568,200224664.524624272
2025-09-25 22:00:00+00:00,109357.7,109520,109208.9,109368.2,1115.91800836,122058725.5246232
2025-09-25 23:00:00+00:00,109368.2,109631.7,108694.1,108933.8,4655.52942896,507218777.27840364
2025-09-26 00:00:00+00:00,108933.8,109566.7,108760.2,109420.1,3011.84071,328857726.921479915
2025-09-26 01:00:00+00:00,109420.1,109709.8,109258.9,109634.5,1969.77172996,215774694.632353119
2025-09-26 02:00:00+00:00,109634.5,109766.9,109444,109572.2,1057.56515493,115937614.129404959
2025-09-26 03:00:00+00:00,109572.2,109586.1,109245.4,109537.2,1221.50547869,133637309.838811515
2025-09-26 04:00:00+00:00,109537.2,109580,109200.8,109299.4,1007.66129653,110198728.384118527
2025-09-26 05:00:00+00:00,109299.4,109540,109032.6,109200.1,1320.9262545,144334873.088237641
2025-09-26 06:00:00+00:00,109200.1,109570,108962.8,109307.7,4233.49841835,462806865.024395855
2025-09-26 07:00:00+00:00,109307.7,109535.9,108860,109252.6,2872.18144607,313390150.119121874
2025-09-26 08:00:00+00:00,109252.6,109550,109252.5,109501.1,1603.54779113,175491506.461340383
2025-09-26 09:00:00+00:00,109501.1,109643.4,109348.7,109512.1,1401.65948476,153491932.293322012
2025-09-26 10:00:00+00:00,109512.1,109519.2,108656.8,108852.2,3174.53378468,345950406.487393644
2025-09-26 11:00:00+00:00,108852.2,109164.3,108577.6,109091,2464.69543096,268243620.161981318
2025-09-26 12:00:00+00:00,109091,109531,108773.4,109321.1,5778.00440333,630310892.087901944
2025-09-26 13:00:00+00:00,109321.1,109728.7,108944,109610,3621.54776194,396367374.220106578
2025-09-26 14:00:00+00:00,109610,109725.6,108724.4,108807.7,3765.69236688,410635980.828691879
2025-09-26 15:00:00+00:00,108807.7,109315.1,108767.8,108978.8,2553.87449119,278579118.710699727
2025-09-26 16:00:00+00:00,108978.8,109568.2,108978.7,109405.3,1621.06774773,177285537.779878266
2025-09-26 17:00:00+00:00,109405.3,109947.1,109330,109854.1,2789.20911453,306105907.887691026
2025-09-26 18:00:00+00:00,109854.1,110244.9,109646,109666.9,2340.99902513,257453869.989933097
2025-09-26 19:00:00+00:00,109666.9,109666.9,108972.5,109126.2,3066.71157929,335197329.637546129
2025-09-26 20:00:00+00:00,109126.2,109291.8,109040.7,109242.7,1241.47137852,135554408.940491255
2025-09-26 21:00:00+00:00,109242.7,109481.1,109137,109416.2,904.25065488,98866178.703418527
2025-09-26 22:00:00+00:00,109416.2,109546.7,109300,109499.9,551.35894763,60339951.045624365
2025-09-26 23:00:00+00:00,109499.9,109624.8,109367.9,109586.6,546.61709676,59869589.110752059
2025-09-27 00:00:00+00:00,109586.6,109592.5,109412.6,109582,765.24513893,83797747.936226123
2025-09-27 01:00:00+00:00,109582,109591.1,109285,109377.6,1480.34572344,161950364.384374878
2025-09-27 02:00:00+00:00,109377.6,109417.8,109272.5,109350.1,678.29709686,74166684.386037826
2025-09-27 03:00:00+00:00,109350.1,109688.6,109332,109500.8,2014.53744592,220777200.43072469
2025-09-27 04:00:00+00:00,109500.8,109677.9,109457.2,109596.1,691.81271604,75789635.983483866
2025-09-27 05:00:00+00:00,109596.1,109627.4,109543.8,109583.9,290.03164501,31782241.652863177
2025-09-27 06:00:00+00:00,109583.9,109584,109427.4,109489.1,525.47455072,57530269.101048961
2025-09-27 07:00:00+00:00,109489.1,109515,109285,109357.3,547.52826399,59891077.286196348
2025-09-27 08:00:00+00:00,109357.3,109357.3,109210.5,109210.5,1205.43551245,131718646.498773438
2025-09-27 09:00:00+00:00,109210.5,109313,109030,109266.2,1560.07890734,170297655.951979759
2025-09-27 10:00:00+00:00,109266.2,109444.4,109223.6,109394.7,930.24266652,101703034.718120001
2025-09-27 11:00:00+00:00,109394.7,109401.9,109241,109265.9,386.44576053,42239870.717424114
2025-09-27 12:00:00+00:00,109265.9,109438.5,109188.9,109359.7,1221.26852913,133528386.530174607
2025-09-27 13:00:00+00:00,109359.7,109363.7,109260,109272.2,367.99098605,40224051.408455688
2025-09-27 14:00:00+00:00,109272.2,109349.9,109208.6,109246.3,735.61321854,80366167.665783435
2025-09-27 15:00:00+00:00,109246.3,109378.8,109146.6,109348.8,881.61684365,96308983.512012808
2025-09-27 16:00:00+00:00,109348.8,109374.1,109262.9,109336.5,566.63216889,61944411.492913189
2025-09-27 17:00:00+00:00,109336.5,109363,109191.6,109338.1,559.63787088,61158680.295280895
2025-09-27 18:00:00+00:00,109338.1,109386,109291.8,109375.9,412.8587413,45146584.365584533
2025-09-27 19:00:00+00:00,109375.9,109386,109332.9,109372,224.46327222,24548730.488716204
2025-09-27 20:00:00+00:00,109372,109379,109308.3,109339.4,200.01931057,21870636.98800441
2025-09-27 21:00:00+00:00,109339.4,109430,109339.4,109425.9,265.10828361,28995950.546996223
2025-09-27 22:00:00+00:00,109425.9,109651.4,109425.9,109546.7,915.52609915,100287071.39895352
2025-09-27 23:00:00+00:00,109546.7,109622.9,109408.3,109574.1,567.74790579,62192213.530895494
2025-09-28 00:00:00+00:00,109574.1,109731.8,109489.7,109549.9,909.27629909,99665281.709025022
2025-09-28 01:00:00+00:00,109549.9,109600,109287,109304.5,1668.34582441,182563520.731679174
2025-09-28 02:00:00+00:00,109304.5,109497,109304.5,109410.2,545.90747805,59717286.483907247
2025-09-28 03:00:00+00:00,109410.2,109488.3,109362.5,109397.4,399.8641765,43755266.185134683
2025-09-28 04:00:00+00:00,109397.4,109437,109320.1,109324.9,237.81771065,26008698.324569859
2025-09-28 05:00:00+00:00,109324.9,109356.2,109308.3,109310.7,321.51985426,35151492.672515365
2025-09-28 06:00:00+00:00,109310.7,109400,109214,109362.2,695.93875492,76060873.605949229
2025-09-28 07:00:00+00:00,109362.2,109484.8,109303.1,109465.6,549.2193521,60098071.337791669
2025-09-28 08:00:00+00:00,109465.6,109536.9,109376.5,109460.4,668.60006897,73193478.91372805
2025-09-28 09:00:00+00:00,109460.4,109507.7,109269.4,109467.1,929.87047236,101721377.504798114
2025-09-28 10:00:00+00:00,109467.1,109467.1,109308.5,109317,755.77523061,82659802.452611445
2025-09-28 11:00:00+00:00,109317,109399,109199.5,109326.1,1494.81804871,163322022.944528066
2025-09-28 12:00:00+00:00,109326.1,109397.1,109136.2,109263.9,920.68122452,100594623.947906893
2025-09-28 13:00:00+00:00,109263.9,109607.9,109263.9,109570.4,1233.72264535,135062131.061950816
2025-09-28 14:00:00+00:00,109570.4,109825.6,109453.8,109785.9,1537.28934406,168560605.08996789
2025-09-28 15:00:00+00:00,109785.9,109973.5,109650,109969.9,1532.27835841,168295174.694446706
2025-09-28 16:00:00+00:00,109969.9,110345.4,109944.1,110162.5,2848.04487343,313625452.437574365
2025-09-28 17:00:00+00:00,110162.5,110316.2,110066.7,110142.3,1248.74546101,137632774.571813508
2025-09-28 18:00:00+00:00,110142.3,110227.6,109996.4,110227.6,583.13555878,64203879.467973077
2025-09-28 19:00:00+00:00,110227.6,110321.3,110055.2,110274.2,804.49114384,88683280.08017623
2025-09-28 20:00:00+00:00,110274.2,110875,110238.1,110734.1,2991.49675881,331050966.620308046
2025-09-28 21:00:00+00:00,110734.1,110822.6,110570.2,110760.1,930.53407293,103025906.403584236
2025-09-28 22:00:00+00:00,110760.1,111953,110760.1,111868.9,4737.5209211,528306437.326045013
2025-09-28 23:00:00+00:00,111868.9,112300,111868.9,112100,3756.16404686,420987684.960004625
2025-09-29 00:00:00+00:00,112100,112244.7,111920.5,112194.2,2341.11254433,262409353.044653726
2025-09-29 01:00:00+00:00,112194.2,112253.7,111666.6,111799.9,1757.04756978,196739397.535476996
2025-09-29 02:00:00+00:00,111799.9,111975,111580,111702.3,2037.50657343,227669512.077160041
2025-09-29 03:00:00+00:00,111702.3,111818.6,111531.4,111818.6,1249.49016206,139511706.074178354
2025-09-29 04:00:00+00:00,111818.6,111854.5,111702.4,111759.4,862.21973711,96387179.624679705
2025-09-29 05:00:00+00:00,111759.4,111768.8,111511.7,111697,1139.24451943,127157930.781822759
2025-09-29 06:00:00+00:00,111697,111800,111563.3,111586.6,755.29818424,84348256.902266079
2025-09-29 07:00:00+00:00,111586.6,111821.5,111504.4,111821.5,1446.31725656,161435081.084959203
2025-09-29 08:00:00+00:00,111821.5,112375.6,111821.4,112026.6,4955.65155321,555602886.314071476
2025-09-29 09:00:00+00:00,112026.6,112147.7,111915.4,112038.1,1230.59339892,137870799.395310675
2025-09-29 10:00:00+00:00,112038.1,112158.2,111961.5,112026.1,1052.71094821,117950899.472346102
2025-09-29 11:00:00+00:00,112026.1,112054.4,111852.2,112043.5,1219.4964449,136528693.666825266
2025-09-29 12:00:00+00:00,112043.5,112471.4,111870.2,111967.7,2137.03695738,239666398.668075806
2025-09-29 13:00:00+00:00,111967.7,113400,111842.5,113156.1,6707.73107882,756692009.056561986
2025-09-29 14:00:00+00:00,113156.1,114158.2,113138.6,113946.8,5735.25502207,652451284.316206616
2025-09-29 15:00:00+00:00,113946.8,114045.7,113613.6,113740.6,3147.54681852,358254221.624210871
2025-09-29 16:00:00+00:00,113740.6,113995.1,113542.2,113579,1858.47740133,211490091.832661695
2025-09-29 17:00:00+00:00,113579,114100,113402.7,113994.4,2101.73935721,239224412.061157087
2025-09-29 18:00:00+00:00,113994.4,114090,113801,113953.8,930.69093991,106064711.475840279
2025-09-29 19:00:00+00:00,113953.8,114329.8,113784.9,114193.4,2091.34854155,238664686.026363511
2025-09-29 20:00:00+00:00,114193.4,114347.8,114051.3,114191,1889.35442262,215818311.621707632
2025-09-29 21:00:00+00:00,114191,114270.7,114026.9,114120.3,935.52992525,106795164.812300761
2025-09-29 22:00:00+00:00,114120.3,114154.7,113953.6,114123,793.1882741,90457493.359208383
2025-09-29 23:00:00+00:00,114123,114336.6,114123,114246.1,1039.24735042,118704009.705890216
2025-09-30 00:00:00+00:00,114246.1,114718.9,113973.7,114461.8,3069.76570373,351208445.517912474
2025-09-30 01:00:00+00:00,114461.8,114742.4,114214.5,114449.9,1936.97462598,221727772.364895031
2025-09-30 02:00:00+00:00,114449.9,114541.5,114305.4,114405,927.47389487,106132099.102676622
2025-09-30 03:00:00+00:00,114405,114466.2,114248.5,114312.2,872.57249115,99752166.766075053
2025-09-30 04:00:00+00:00,114312.2,114312.2,114030.7,114036.5,1780.41241261,203212969.388235519
2025-09-30 05:00:00+00:00,114036.5,114170.7,113775,113862,5028.52019579,573031174.426838061
2025-09-30 06:00:00+00:00,113862,114042.1,113796.6,113846.7,1660.2491046,189083700.00053611
2025-09-30 07:00:00+00:00,113846.7,113949.9,113539.3,113666.6,2218.17812626,252244188.628563529
2025-09-30 08:00:00+00:00,113666.6,113705.3,113305.7,113420,2107.95694532,239248316.438672647
2025-09-30 09:00:00+00:00,113420,113425.7,112708.2,112751,4184.47232572,473288854.947526365
2025-09-30 10:00:00+00:00,112751,113057.1,112630,112880.6,2482.63387656,280168957.743284381
2025-09-30 11:00:00+00:00,112880.6,113090,112763.1,113018.4,1919.73905491,216848429.989716361
2025-09-30 12:00:00+00:00,113018.4,113204.8,112930.4,112945.3,1797.56176894,203241441.94757037
2025-09-30 13:00:00+00:00,112945.3,113621,112805.2,113339.2,4147.57886532,469705268.546464448
2025-09-30 14:00:00+00:00,113339.2,113574,112841.6,113536.5,2747.9349597,310958390.395191041
2025-09-30 15:00:00+00:00,113536.5,113538.7,112857.3,113052.1,1784.9671191,201898978.422745076
2025-09-30 16:00:00+00:00,113052.1,113242.1,112744.3,112794.1,1815.56042332,205070121.416195692
2025-09-30 17:00:00+00:00,112794.1,113474.8,112764.8,113194,3767.45392775,426764682.409723393
2025-09-30 18:00:00+00:00,113194,113657.9,113129.7,113655,1296.80411473,147125788.260737798
2025-09-30 19:00:00+00:00,113655,114507.4,113655,114300.1,4767.07638356,543732983.015174777
2025-09-30 20:00:00+00:00,114300.1,114670.2,114060.6,114564.2,3460.09221364,395596159.429231682
2025-09-30 21:00:00+00:00,114564.2,114700,114063.2,114100.3,2579.21814955,295149218.266119486
2025-09-30 22:00:00+00:00,114100.3,114306,113820.3,113882.4,1402.75153672,159910275.681872872
2025-09-30 23:00:00+00:00,113882.4,113995.2,113700.1,113995.2,1323.30783432,150643239.713109359
2025-10-01 00:00:00+00:00,113995.2,114250,113893.5,114171.6,2458.4267758,280423653.003257456
2025-10-01 01:00:00+00:00,114171.6,114488,114078.1,114488,1995.59628514,228139711.811904119
2025-10-01 02:00:00+00:00,114488,114488,114209.9,114210,1434.99498684,164082567.876441209
2025-10-01 03:00:00+00:00,114210,114473.7,114037.8,114128.1,2102.8372901,240277967.926141208
2025-10-01 04:00:00+00:00,114128.1,114665.9,114088.5,114229.3,2560.97707016,293090747.535387278
2025-10-01 05:00:00+00:00,114229.3,114693.5,114207.3,114505.8,1377.85286338,157734794.049117326
2025-10-01 06:00:00+00:00,114505.8,114568.3,114166,114207.5,1531.19107514,175125620.901369397
2025-10-01 07:00:00+00:00,114207.5,114534.4,114186.1,114480.4,834.88614813,95528055.083070014
2025-10-01 08:00:00+00:00,114480.4,116566.9,114420.8,116062.5,17519.17411463,2023623292.721650221
2025-10-01 09:00:00+00:00,116062.5,116480,115860.8,116367.7,4174.00136612,485156216.173031876
2025-10-01 10:00:00+00:00,116367.7,116515,116153.9,116221.9,2529.8388779,294198490.795013544
2025-10-01 11:00:00+00:00,116221.9,116742.2,116218.8,116736.7,2922.34654557,340446031.385726071
2025-10-01 12:00:00+00:00,116736.7,116841.9,116309.2,116354.9,4089.40259702,476636834.775209455
2025-10-01 13:00:00+00:00,116354.9,116792.1,116354.9,116770,2304.81792426,268659952.416684785
2025-10-01 14:00:00+00:00,116770,117388.6,116670,117242.8,6656.43324461,779374369.99337772
2025-10-01 15:00:00+00:00,117242.8,117622.7,117024.4,117354.6,3412.49633975,400474227.889154495
2025-10-01 16:00:00+00:00,117354.6,118171.4,117252.8,117489.4,7238.03704569,852712181.934452342
2025-10-01 17:00:00+00:00,117489.4,117632.3,116693,116740.4,3159.5580236,370104435.475159177
2025-10-01 18:00:00+00:00,116740.4,117313.4,116738.4,117205.4,2054.38401134,240459153.685378469
2025-10-01 19:00:00+00:00,117205.4,117578.4,117180.1,117379.5,1605.51667033,188511765.194808956
2025-10-01 20:00:00+00:00,117379.5,117482.9,117109.1,117478.8,1178.33381532,138199135.204169975
2025-10-01 21:00:00+00:00,117478.8,117536.1,117271.7,117498.6,732.81087269,86041957.432207956
2025-10-01 22:00:00+00:00,117498.6,118017.9,117498.5,117688.3,4126.31026459,485819378.176458971
2025-10-01 23:00:00+00:00,117688.3,118620.8,117628.7,118546.6,4759.79537269,563116576.485126074
2025-10-02 00:00:00+00:00,118546.6,119423.9,118371.4,118396.6,6602.25697641,784839518.25345935
2025-10-02 01:00:00+00:00,118396.6,118859.1,118336.4,118580.5,2222.41774145,263599276.419974222
2025-10-02 02:00:00+00:00,118580.5,118735.1,118431.1,118705.3,2007.1647123,238011993.103355483
2025-10-02 03:00:00+00:00,118705.3,119020,118650.1,118695.5,3430.83902498,407723473.557207231
2025-10-02 04:00:00+00:00,118695.5,118893.1,118382.9,118613.1,2030.01951442,240772091.617647948
2025-10-02 05:00:00+00:00,118613.1,118637.2,118227.7,118329.8,1682.17235059,199144224.122870372
2025-10-02 06:00:00+00:00,118329.8,118636.1,118251.8,118602.5,1662.05827315,196913084.737999811
2025-10-02 07:00:00+00:00,118602.5,118633.7,118383,118444,1148.15376233,136032367.987392591
2025-10-02 08:00:00+00:00,118444,118647,118310.5,118639.9,1122.98716235,133076306.120131191
2025-10-02 09:00:00+00:00,118639.9,118826.9,118528,118826.7,2076.54642652,246395087.348028932
2025-10-02 10:00:00+00:00,118826.7,118897.7,118518.7,118566.6,1509.03132655,179111005.286858012
2025-10-02 11:00:00+00:00,118566.6,118849.6,118479.7,118716.2,1019.06876806,120938820.746508911
2025-10-02 12:00:00+00:00,118716.2,119350,118695.3,119350,3572.30205139,425385509.288347687
2025-10-02 13:00:00+00:00,119350,119719.8,118856,119565.2,5875.86149424,701351440.693659302
2025-10-02 14:00:00+00:00,119565.2,119749.5,118604,118762.9,7592.61012804,904860352.564460187
2025-10-02 15:00:00+00:00,118762.9,119883.3,118460.3,119879.9,5370.55538815,640372713.838705272
2025-10-02 16:00:00+00:00,119879.9,120281.9,119554.1,119684.4,5188.0750381,622015909.145385612
2025-10-02 17:00:00+00:00,119684.4,119913,119304.2,119872,2708.15338017,323755657.870242871
2025-10-02 18:00:00+00:00,119872,120641,119860.1,120465,4439.96090644,533644258.038299167
2025-10-02 19:00:00+00:00,120465,120988.9,120391.5,120783.8,6993.81422611,844555930.304144803
2025-10-02 20:00:00+00:00,120783.8,120867.3,120257,120599,3705.91633181,446716540.798511345
2025-10-02 21:00:00+00:00,120599,120724.2,120093.9,120098.5,2055.31629003,247326133.150211749
2025-10-02 22:00:00+00:00,120098.5,120370.4,120021.1,120215.8,1394.99873651,167689843.965805405
2025-10-02 23:00:00+00:00,120215.8,120625,120204.1,120481.5,1984.23924365,238891374.034530336
2025-10-03 00:00:00+00:00,120481.5,120504.2,120036,120097,1229.5885274,147767315.509670932
2025-10-03 01:00:00+00:00,120097,120258,119777,119832.2,1251.62430738,150210043.653735462
2025-10-03 02:00:00+00:00,119832.2,120231.9,119825,120120.1,1098.54253244,131889958.209360973
2025-10-03 03:00:00+00:00,120120.1,120440.5,120120,120183.5,1651.85660357,198685521.353351984
2025-10-03 04:00:00+00:00,120183.5,120281.9,119960,120004.4,820.43676481,98541938.821766581
2025-10-03 05:00:00+00:00,120004.4,120037.5,119700,119872,2203.02607985,264040096.566697335
2025-10-03 06:00:00+00:00,119872,120050.6,119736.1,119888,1998.30688321,239622231.032603635
2025-10-03 07:00:00+00:00,119888,119986.1,119579.4,119618.2,2024.81832302,242390308.413246601
2025-10-03 08:00:00+00:00,119618.2,120048.6,119208.6,120012.1,3490.45845585,417546725.123212947
2025-10-03 09:00:00+00:00,120012.1,120333,119976.3,120178.9,1639.9802706,197081902.318609534
